id,title,date_start,date_end,rights_status,rights_note,attribution,research_status,curated,contact
img_1dfdd8cac1f62558,"Studio portrait of Reznor Stewart, c. 1870s-1880s (oval-vignette card portrait)",1870,1890,Public domain,"Unpublished family portrait, photographer unknown/anonymous, created c. 1870s-1880s — rule 8: unpublished anonymous works enter the public domain 120 years after creation (by ~2010 at the latest for this window). Courtesy credit: Stewart family collection via Beaumont Library District; as a practical matter, clear reproduction of BLD's physical print with BLD.","Stewart family collection, via Beaumont Library District",Researched,False,"Beaumont Library District, 125 E. 8th St, Beaumont CA 92223 · (951) 845-1357 · beaumontlibrary.org"
img_c15c20a838d86c18,Stewart Ranch grain harvest,1884,1909,Copyrighted,"Copyrighted — Laura May Stewart Trust (Marilyn Vonderheide, per the Calisphere record).","Beaumont Library District, via Calisphere (CBEA_147, ark:/13030/c87p8xrn); rights: Copyrighted — Laura May Stewart Trust",Researched,True,"Laura May Stewart Trust (contact via the Calisphere record's noted trustee, Marilyn Vonderheide, through Beaumont Library District)"
img_72d13585ff607c22,"Captain John Morongo, c. 1890",1885,1898,Unclear,Huntington Library print (photCL 39) requires their permission for reproduction; the Banning Library District also holds a print (CBAN_120).,"Huntington Library, Weinland Collection (photCL 39 (126)); Banning Library District print via Calisphere (CBAN_120, ark:/13030/c8d798dr); photograph by Cramer's California Gallery, 402 Kearny St., San Francisco",Researched,True,"Banning Library District, 21 W. Nicolet St, Banning CA 92220 · (951) 849-3192 · banninglibrarydistrict.org | Huntington Library, Art Museum, and Botanical Gardens — Reproductions: hdl.huntington.org / permissions@huntington.org"
img_5658eba56b079aef,Egan Avenue,1885,1895,Unclear,"Calisphere/BLD rights statement: ""Copyright status unknown. Some materials in these collections may be protected by the U.S. Copyright Law (Title 17, U.S.C.)."" Next action: request reproduction permission from the Beaumont Library District, standard practice for this collection.","Beaumont Library District Local History Collection, via Calisphere (CBEA_174)",Researched,False,"Beaumont Library District, 125 E. 8th St, Beaumont CA 92223 · (951) 845-1357 · beaumontlibrary.org"
img_049b709d6ffb773a,"Beaumont and the San Gorgonio Pass from the hills south of town (Hotel Beaumont at right), negative no. 2099",1887,1909,Unclear,"Photographer unidentified; almost certainly public domain — the view predates the 1909 Hotel Beaumont fire, so any period publication was before 1931 (95-year term expired), and a pre-1906 unpublished anonymous work is also past the 120-year term — but neither path is yet demonstrable because the negative series is unidentified and creation could fall 1906-1909. Next action: match negative no. 2099 against the C.C. Pierce / California Historical Society series at USC Digital Library and the Huntington's Pierce holdings to confirm photographer and publication.",Unknown,Researched,False,
img_70f5802804fd1652,"Southern Pacific depot, Peter Allen's store, and the Hotel Beaumont — postcard view of early Beaumont",1887,1909,Public domain,"Postcard of a scene that demonstrably predates the August 1909 Hotel Beaumont fire; cards of this view were period products (c. 1905-1910s), published before 1931 — U.S. copyright expired (95-year term). Even if the negative predates the card, an anonymous pre-1906 photograph is also past the 120-year unpublished term. Courtesy credit (not rights holder): Karen Sumner Noordman collection, scan provided 1-12-2023. Confirm printing era from the card back when rescanned.",Karen Sumner Noordman collection,Researched,False,
img_43eb34083eb2296d,"Edinburgh Hotel Real Estate Banquet, near 5th and Beaumont Ave",1888,1888,Unclear,"Calisphere rights statement (verbatim, operative phrase): ""Copyright status unknown. Some materials in these collections may be protected by the U.S. Copyright Law (Title 17, U.S.C.)..."" — rule 1 boilerplate, so status is Unclear. Next action: request reproduction permission from the Beaumont Library District, standard practice for this collection. (An unpublished album print, so the rule-2 pre-1931 publication override does not apply.)","Beaumont Library District Local History Collection, via Calisphere (CBEA_039)",Researched,False,"Beaumont Library District, 125 E. 8th St, Beaumont CA 92223 · (951) 845-1357 · beaumontlibrary.org"
img_5f9b3935055576a5,"Beaumont School students and teachers, 1890–1893 (identified by BLD as the first Wellwood School building)",1890,1893,Permission required,"Beaumont Library District physical holding (rule 7). Underlying copyright has expired — anonymous, unpublished photograph created 1890–93, 120-year unpublished term long past — but BLD controls reproduction of its physical print. Next action: request reproduction permission from the Beaumont Library District.",Beaumont Library District,Researched,False,"Beaumont Library District, 125 E. 8th St, Beaumont CA 92223 · (951) 845-1357 · beaumontlibrary.org"
img_31bfa277fbd3230d,"Beaumont schoolhouse (predecessor of the Wellwood School) with pupils and horse-drawn buggy, c. 1890s",1890,1900,Public domain,"Unpublished photograph by an unknown photographer, created c. 1890s — the anonymous unpublished term (120 years from creation) has expired (rights rule 8). Courtesy credit: Beaumont Library District collection.",Unknown photographer; Beaumont Library District collection,Researched,False,"Beaumont Library District, 125 E. 8th St, Beaumont CA 92223 · (951) 845-1357 · beaumontlibrary.org"
img_17d9fad337a3fded,"Council house (kishumnawat), Morongo Reservation",1890,1899,Permission required,Huntington Library (photCL 39); reproduction for the mural requires their permission.,"Huntington Library, William H. Weinland Photograph Collection (photCL 39 vol. 3 (20)); the catalog file is a low-resolution comp",Researched,True,"Huntington Library, Art Museum, and Botanical Gardens — Reproductions: hdl.huntington.org / permissions@huntington.org"
img_4e8d4526096e0dd7,"Fifth Street & Egan Avenue, Beaumont, 1890s",1890,1899,Copyrighted,Copyrighted — Laura May Stewart Trust (per the Calisphere record; contact via BLD).,"Beaumont Library District, via Calisphere (CBEA_146, ark:/13030/c8h70f56); rights: Copyrighted — Laura May Stewart Trust",Researched,True,"Laura May Stewart Trust (contact via the Calisphere record's noted trustee, Marilyn Vonderheide, through Beaumont Library District)"
img_477fd73b5434521f,John J. McCoy Lumber Yard,1890,1910,Unclear,"Calisphere/BLD rights statement: ""Copyright status unknown. Some materials in these collections may be protected by the U.S. Copyright Law (Title 17, U.S.C.)..."" Next action: request reproduction permission from the Beaumont Library District, which is standard practice for these collections (rule 1).","Beaumont Library District Local History Collection, via Calisphere (CBEA_159)",Researched,False,"Beaumont Library District, 125 E. 8th St, Beaumont CA 92223 · (951) 845-1357 · beaumontlibrary.org"
img_e223c8fe27b85e0d,"Reznor Perry Stewart, studio portrait",1890,1910,Permission required,"Stewart family photograph, unpublished, photographer unknown; the estimated c. 1890-1910 creation straddles the ~1906 line for the 120-year unpublished-anonymous term, so public domain cannot be asserted (Rule 8). Beaumont Library District's Calisphere Stewart items name the Laura May Stewart Trust (Marilyn Vonderheide) as rights holder — contact the Trust via BLD before print use.","Stewart family photographs, Beaumont Library District (Laura May Stewart Trust)",Researched,False,"Beaumont Library District, 125 E. 8th St, Beaumont CA 92223 · (951) 845-1357 · beaumontlibrary.org | Laura May Stewart Trust (contact via the Calisphere record's noted trustee, Marilyn Vonderheide, through Beaumont Library District)"
img_b08de96dbf496fab,The Beaumont Hotel (later Hotel Edinburgh),1890,1900,Unclear,Do not infer reuse rights from age; verify against the holding institution or rights statement.,"Beaumont Library District, via Calisphere (CBEA_009, ark:/13030/c81v5d9b); photograph by C. C. Pierce & Co., Los Angeles",Researched,False,
img_3f09693198e8de04,"The Summit House, Beaumont",1890,1899,Unclear,"Calisphere/Banning Library District rights statement: 'Copyright status unknown. Some materials in these collections may be protected by the U.S. Copyright Law (Title 17, U.S.C.).' Next action: request reproduction permission from the Banning Library District, which is standard practice for these collections. (The 1890s photograph itself is very likely out of copyright, but it is an unpublished print with an unknown photographer, so the pre-1931 publication rule does not apply.)","Banning Library District Local History Collection, via Calisphere (CBAN_098)",Researched,False,"Banning Library District, 21 W. Nicolet St, Banning CA 92220 · (951) 849-3192 · banninglibrarydistrict.org"
img_9a09c6788b0dddf1,"A Well, a Girl and Cattle at the Bliss Ranch, South of Beaumont",1895,1915,Unclear,"Calisphere/BLD rights statement (verbatim operative phrase): 'Copyright status unknown. Some materials in these collections may be protected by the U.S. Copyright Law (Title 17, U.S.C.)...' Required action: request reproduction permission from the contributing institution (Beaumont Library District), standard practice for these collections. Rule 2 not applied: although the page carries a printed Beaumont Land & Water Company header and typeset promotional caption, the handwritten ink annotation suggests a compiled scrapbook rather than demonstrably published pre-1931 material; if the album is confirmed as a published promotional booklet, this would become Public domain.","Beaumont Library District Local History Collection, via Calisphere (CBEA_055)",Researched,False,"Beaumont Library District, 125 E. 8th St, Beaumont CA 92223 · (951) 845-1357 · beaumontlibrary.org"
img_6278e20aa65dd6a8,Beaumont Land & Water Company Pumping Plant #1,1895,1910,Unclear,"Calisphere/Beaumont Library District rights statement: 'Copyright status unknown. Some materials in these collections may be protected by the U.S. Copyright Law (Title 17, U.S.C.).' Next action: request reproduction permission from the Beaumont Library District, which is standard practice for these collections.","Beaumont Library District Local History Collection, via Calisphere (CBEA_157)",Researched,False,"Beaumont Library District, 125 E. 8th St, Beaumont CA 92223 · (951) 845-1357 · beaumontlibrary.org"
img_45720d2a6586237d,"Traditional house (kish), Morongo Reservation",1895,1905,Unclear,Do not infer reuse rights from age; verify against the holding institution or rights statement.,"Banning Library District, via Calisphere (CBAN_093, ark:/13030/c8fb5109); contributor C. O. Barker",Researched,True,
img_83b4208d7a588795,"Flowing Well, Beaumont",1900,1912,Unclear,"Calisphere/BLD rights statement: ""Copyright status unknown. Some materials in these collections may be protected by the U.S. Copyright Law (Title 17, U.S.C.)..."" Next action: request reproduction permission from the Beaumont Library District, which is standard practice for these collections (rule 1). Rule 2 (pre-1931 published) would apply only if the hand-lettered print is shown to have circulated as a commercial postcard — not yet demonstrated.","Beaumont Library District Local History Collection, via Calisphere (CBEA_063)",Researched,False,"Beaumont Library District, 125 E. 8th St, Beaumont CA 92223 · (951) 845-1357 · beaumontlibrary.org"
img_a3f413e8c9ed23bb,H. L. Priest and his fruit tree,1900,1919,Unclear,Do not infer reuse rights from age; verify against the holding institution or rights statement.,"Beaumont Library District, via Calisphere (CBEA_064, ark:/13030/c83f4nzv)",Researched,True,
img_2846f7be40e9aff6,"Horse-drawn combine harvester at work, Stewart Ranch, Beaumont area",1900,1930,Permission required,"Stewart family collection: unpublished, photographer unknown (rule 8). Creation within c. 1900–1930 cannot be shown to predate ~1906, so the post-1906 branch applies — contact the family/donor via the Beaumont Library District; the Laura May Stewart Trust (named rights holder on related Calisphere Stewart images) is the likely authorizing party. If creation before ~1906 were ever established, the image would be public domain (120-year unpublished anonymous term).","Stewart family collection, via Beaumont Library District",Researched,False,"Beaumont Library District, 125 E. 8th St, Beaumont CA 92223 · (951) 845-1357 · beaumontlibrary.org | Laura May Stewart Trust (contact via the Calisphere record's noted trustee, Marilyn Vonderheide, through Beaumont Library District)"
img_68556e4afecfa748,Clara and Laura May Stewart as young women (newspaper clipping of a c. 1902-1910 studio portrait),1902,1910,Permission required,"Stewart family studio portrait c. 1902-1910, photographer unknown; the sitting may postdate the ~1906 unpublished-anonymous PD threshold (rule 8), and the newspaper clipping reproducing it is undated so pre-1931 publication cannot be demonstrated. Next action: contact the Stewart family rights contact named on Calisphere's Stewart items (Laura May Stewart Trust, Marilyn Vonderheide, Beaumont) via Beaumont Library District.","Stewart family collection, via an unidentified newspaper clipping",Researched,False,"Beaumont Library District, 125 E. 8th St, Beaumont CA 92223 · (951) 845-1357 · beaumontlibrary.org | Laura May Stewart Trust (contact via the Calisphere record's noted trustee, Marilyn Vonderheide, through Beaumont Library District)"
img_92d81318b1127f4b,"Eagan (Egan) Avenue with the Summit House, Beaumont — printed postcard",1905,1920,Public domain,"Commercially printed postcard published while the Summit House stood (destroyed by fire 1925), i.e. before 1931; U.S. copyright expired under the 95-year publication term (rule 2). Courtesy credit: Beaumont Library District, source of the scan — not a rights holder.",Beaumont Library District (courtesy),Researched,False,"Beaumont Library District, 125 E. 8th St, Beaumont CA 92223 · (951) 845-1357 · beaumontlibrary.org"
img_7835865b7e46b59c,"Egan Avenue looking south, Beaumont — hand-colored postcard published by Robert Fulton, c. 1905–1915",1905,1915,Public domain,"Commercially published postcard, printed c. 1907–1915, well before 1931 — U.S. copyright expired (95-year term; pre-1931 publications are public domain as of 2026). Courtesy credit: Steve Lech postcard collection (scan source, not rights holder); institutions cannot claim new copyright in faithful reproductions of public-domain 2-D works.","Robert Fulton, Publisher; scan courtesy Steve Lech postcard collection",Researched,False,
img_d94679a3a45f55c0,"Eucalyptus trees on Beaumont Avenue — Beaumont Land and Water Company print, c. 1905–1912",1905,1912,Unclear,"Anonymous promotional photograph, c. 1905–1912. Likely out of copyright (anonymous unpublished works run 120 years from creation, and earlier expiry applies if the Beaumont Land and Water Co. published it in pre-1931 promotional matter), but neither publication nor the current holder of the stamped print is verified. Next action: ask SGPHS/Beaumont Library District which collection holds the stamped print and whether it appeared in company promotional literature (RIGHTS-RULES rule 10).",Beaumont Land and Water Company print; current holder unverified,Researched,False,"Beaumont Library District, 125 E. 8th St, Beaumont CA 92223 · (951) 845-1357 · beaumontlibrary.org"
img_df9bd9231a83651c,"Reznor Perry Stewart (1845-1933), Beaumont pioneer rancher — halftone portrait",1905,1920,Unclear,"Halftone from an unidentified printed publication. If published before 1931 it is public domain (95-year term); if it first appeared in, e.g., his November 1933 obituary, copyright could subsist with the publisher. Rule 10. Next action: identify the printed source via CDNC (Record-Gazette, Nov 1933) and Cherry Festival programs, then re-grade; interim reproduction permission via Beaumont Library District / Laura May Stewart Trust (Marilyn Vonderheide, Beaumont).",Unidentified publication; Stewart family collection via Beaumont Library District,Researched,False,"Beaumont Library District, 125 E. 8th St, Beaumont CA 92223 · (951) 845-1357 · beaumontlibrary.org | Laura May Stewart Trust (contact via the Calisphere record's noted trustee, Marilyn Vonderheide, through Beaumont Library District) | Record-Gazette, Banning CA · recordgazette.net"
img_6f833a14a7764e47,"Southern Pacific depot, Beaumont",1905,1915,Unclear,Do not infer reuse rights from age; verify against the holding institution or rights statement.,"Beaumont Library District, via Calisphere (CBEA_134, ark:/13030/c85x2881)",Researched,True,
img_934590dec97e3d15,"Southern Pacific depot, Beaumont, with arriving train (printed postcard)",1905,1915,Public domain,"Commercial picture postcard published before 1931 (pre-WWI printed card, scene c. 1905-1915): 95-year U.S. copyright term expired. Courtesy credit: Beaumont Library District historical photo files. Per Bridgeman v. Corel, the scan adds no new copyright.",Beaumont Library District historical photo files; postcard publisher unknown,Researched,False,"Beaumont Library District, 125 E. 8th St, Beaumont CA 92223 · (951) 845-1357 · beaumontlibrary.org"
img_07a9db15e22db499,"SP shop crew with locomotive No. 2789, Beaumont yard",1905,1915,Unclear,Do not infer reuse rights from age; verify against the holding institution or rights statement.,"Beaumont Library District, via Calisphere (CBEA_005, ark:/13030/c8g1605q); also cited as Banning Library District by the SGPHS timeline",Researched,False,
img_b2764c9151e44824,"Beaumont Land and Water Company office, Beaumont, c. 1907-1915",1907,1915,Permission required,"Permission required — Beaumont Library District holds the mounted print (RIGHTS-RULES rule 7); photographer unknown, c. 1907-1915, not demonstrably published (as an unpublished anonymous work its 120-year term would run to c. 2027-2035). Next action: request reproduction permission and a high-res scan from BLD; if shown published in company promotion before 1931, reclassify Public domain.",Beaumont Library District (collection),Researched,False,"Beaumont Library District, 125 E. 8th St, Beaumont CA 92223 · (951) 845-1357 · beaumontlibrary.org"
img_157678621f95c278,"Egan Avenue looking north with the Beaumont Land & Water Company office, Beaumont",1907,1918,Permission required,"Photographer unknown; apparently unpublished print from the Beaumont Library District collection (rights rule 7) — the underlying copyright has likely expired (c. 1907–1918 creation), but the institution controls reproduction of its physical holdings. Next action: request permission and a higher-resolution scan from Beaumont Library District.",Unknown,Researched,False,"Beaumont Library District, 125 E. 8th St, Beaumont CA 92223 · (951) 845-1357 · beaumontlibrary.org"
img_179919b175fe6648,"Egan Avenue, Beaumont, 1907",1907,1907,Unclear,"Calisphere/BLD rights statement: copyright status unknown (rule 1). Next action: request reproduction permission from the Beaumont Library District, which is standard practice for these collections.","Beaumont Library District, via Calisphere (CBEA_011, ark:/13030/c8tb167d)",Researched,False,"Beaumont Library District, 125 E. 8th St, Beaumont CA 92223 · (951) 845-1357 · beaumontlibrary.org"
img_650198dd9e4987ea,"Egan Avenue, Beaumont, 1907",1907,1907,Unclear,Do not infer reuse rights from age; verify against the holding institution or rights statement.,"Beaumont Library District, via Calisphere (CBEA_011, ark:/13030/c8tb167d)",Researched,True,
img_3e252c3b2ce712aa,"Fruit Farms, Beaumont — Beaumont Land & Water Co. promotional bird's-eye lithograph, c. 1907-1915",1907,1915,Public domain,"Promotional advertising lithograph published by the Beaumont Land & Water Co. c. 1907-1915 to sell townsite lands — published before 1931, so U.S. copyright has expired (95-year term; rule 2). Calisphere/BLD's statement for the same artwork (CBEA_069) is the 'copyright status unknown' boilerplate, but per the RIGHTS-RULES tier-2 note, faithful reproductions of PD 2-D works gain no new copyright (Bridgeman v. Corel). Courtesy credit: Beaumont Library District; practical next step for print use is requesting a high-res scan from BLD.",Beaumont Land & Water Co. advertisement; slide copy held by Beaumont Library District (Calisphere CBEA_069),Researched,False,"Beaumont Library District, 125 E. 8th St, Beaumont CA 92223 · (951) 845-1357 · beaumontlibrary.org"
img_c6fa941a29b0f0cd,"Hotel Edinburgh (former Hotel Beaumont), Beaumont — hand-colored postcard, c. 1907-1909",1907,1909,Public domain,"Commercial picture postcard published c. 1907-1909, before 1931 — U.S. copyright expired (95-year term). The ePodunk watermark on this scan confers no rights (faithful reproduction of a PD 2-D work; Bridgeman v. Corel). Next action: replace with a cleaner scan for production use.",Postcard publisher unknown; scan via ePodunk.com,Researched,False,
img_2fa19df607bf43e1,"""Home of C. B. Eyer"" — the Eyer residence, Sixth Street and Magnolia Avenue, Beaumont (published halftone)",1908,1915,Public domain,"Rule 2: published before 1931 — the item is demonstrably a letterpress halftone with a printed headline (i.e., a published clipping), and its subject ties it to C. B. Eyer's Beaumont promotional era (1907-c.1915); the 95-year U.S. copyright term on any such pre-1931 publication has expired, and a faithful scan gains no new copyright (Bridgeman v. Corel). Courtesy credit: Beaumont Library District, Eyer House and family folder.",Beaumont Library District (Eyer House and family folder),Researched,False,"Beaumont Library District, 125 E. 8th St, Beaumont CA 92223 · (951) 845-1357 · beaumontlibrary.org"
img_4b0acbe1458e33c0,"Bank of Beaumont under construction, Fifth Street and California Avenue, 1908-09 (photo by Salvage)",1908,1909,Unclear,"Treated as the Calisphere/Beaumont Library District item its filename cites; BLD's Calisphere items typically carry 'copyright status unknown' boilerplate (statement not yet captured verbatim — item needs re-locating). Photograph created 1908-09 by Beaumont photographer Salvage; if it remained unpublished, the 120-years-from-creation presumption runs to c. 2028-29. Next action: capture the Calisphere item's Rights Information verbatim and request reproduction permission from Beaumont Library District, standard practice for this collection.","Beaumont Library District Local History Collection, via Calisphere; photograph by Salvage",Researched,False,"Beaumont Library District, 125 E. 8th St, Beaumont CA 92223 · (951) 845-1357 · beaumontlibrary.org"
img_e0a4861e5d654fdb,"Beaumont Avenue under mature street trees, hand-colored postcard",1908,1915,Public domain,"Commercial picture postcard published before 1931 (hand-tinted pre-WWI card type; scene c. 1908-1915): 95-year U.S. copyright term expired. Courtesy credit: Beaumont Library District historical photo files. Per Bridgeman v. Corel, the scan adds no new copyright.",Beaumont Library District historical photo files; postcard publisher unknown,Researched,False,"Beaumont Library District, 125 E. 8th St, Beaumont CA 92223 · (951) 845-1357 · beaumontlibrary.org"
img_eabd3578774e347f,Engines at Beaumont,1908,1918,Unclear,"Calisphere/BLD rights statement: ""Copyright status unknown. Some materials in these collections may be protected by the U.S. Copyright Law (Title 17, U.S.C.)..."" Next action: request reproduction permission from the Beaumont Library District, which is standard practice for these collections (rule 1).","Beaumont Library District Local History Collection, via Calisphere (CBEA_007)",Researched,False,"Beaumont Library District, 125 E. 8th St, Beaumont CA 92223 · (951) 845-1357 · beaumontlibrary.org"
img_02861b7cd39cd162,"Fifth Street at Egan Avenue with A. T. Gantt's general merchandise store, Beaumont, c. 1910",1908,1913,Unclear,"Unpublished snapshot by an unknown photographer, c. 1910, in an unidentified private album. As an anonymous unpublished work its U.S. copyright runs 120 years from creation (expiring c. 2030 if taken in 1910), and the album's owner is unidentified, so neither PD status nor a permission contact can yet be named. Next action: SGPHS to identify the source album/donor and re-scan the print; treat as permission-required until the holder is known (RIGHTS-RULES rule 10, by analogy to rule 8).","Unknown (print in an unidentified album, photographed in situ)",Researched,False,
img_19665af80792888c,"Gateway Gazette composing room, Beaumont (booster postcard with typesetter's note)",1908,1912,Public domain,"Commercial postcard demonstrably published c. 1908-1912: it advertises the composing room of a newspaper that launched January 1908, in the same blue-halftone booster series as the companion office-exterior card, and its annotator set type in the pictured plant in 1911. Published before 1931; U.S. copyright expired (95-year term). The much-later handwritten annotation is an incidental, unpublished personal note with no practical copyright impediment. Courtesy credit: Leslie A. Rios III Postcard Collection.",Leslie A. Rios III Postcard Collection,Researched,False,
img_e6c2b250138da121,Laura May Stewart and Reznor Stewart with companions 'Frank' and 'Clara' at the Stewart Ranch barn,1908,1913,Permission required,"Rule 8: family-collection print, unpublished, photographer unknown, created after 1906 (c. 1911) — permission via the family/donor through BLD. Concrete contact: Calisphere's Stewart-family items name the rights holder as Laura May Stewart Trust, Marilyn Vonderheide, 309 West 9th Place, Beaumont, CA.",Stewart family collection (via Beaumont Library District),Researched,False,"Laura May Stewart Trust (contact via the Calisphere record's noted trustee, Marilyn Vonderheide, through Beaumont Library District)"
img_d5b3e8d2100926fd,Looking North on California Street near the 4th Street Train Crossing,1908,1918,Unclear,"Calisphere/BLD rights statement: ""Copyright status unknown. Some materials in these collections may be protected by the U.S. Copyright Law (Title 17, U.S.C.)."" Next action: request reproduction permission from the Beaumont Library District, standard practice for this collection.","Beaumont Library District Local History Collection, via Calisphere (CBEA_003)",Researched,False,"Beaumont Library District, 125 E. 8th St, Beaumont CA 92223 · (951) 845-1357 · beaumontlibrary.org"
img_f711da54b73a8423,"Office of the Gateway Gazette newspaper, Beaumont (booster postcard)",1908,1910,Public domain,"Commercial postcard demonstrably published c. 1908-1910: it depicts the newspaper office 'as it now appears' during the paper's operation, which began January 1908 (LA Herald, Jan 19, 1908), in the blue-halftone booster style of Beaumont's 1907-09 boom. Published before 1931; U.S. copyright expired (95-year term). Courtesy credit: Leslie A. Rios III Postcard Collection (collection owner, not rights holder).",Leslie A. Rios III Postcard Collection,Researched,False,
img_c3a4436f12810d6d,People Viewing the Flowing Well in Edgar Canyon,1908,1908,Unclear,"Calisphere rights statement (verbatim opening): 'Copyright status unknown. Some materials in these collections may be protected by the U.S. Copyright Law (Title 17, U.S.C.).' No rights holder is named. Next action: request reproduction permission from the contributing institution (Beaumont Library District), which is standard practice for these collections (RIGHTS-RULES rule 1: copyright-status-unknown boilerplate).","Beaumont Library District Local History Collection, via Calisphere (CBEA_073)",Researched,False,"Beaumont Library District, 125 E. 8th St, Beaumont CA 92223 · (951) 845-1357 · beaumontlibrary.org"
img_f525afa6dc4390a8,"The Gateway Gazette, front page — April 30, 1908 (Vol. I, No. 15)",1908,1908,Public domain,"Newspaper page published April 30, 1908; U.S. copyright expired (95-year term, works published before 1931). Courtesy credit: California Digital Newspaper Collection, UC Riverside (RIGHTS-RULES rule 2).","California Digital Newspaper Collection, UC Riverside",Researched,False,
img_240a367ade7eccf1,Water well drilling in Edgar Canyon,1908,1908,Unclear,"Calisphere/BLD rights statement: 'Copyright status unknown. Some materials in these collections may be protected by the U.S. Copyright Law (Title 17, U.S.C.).' Next action: request reproduction permission from the Beaumont Library District, which is standard practice for these collections.","Beaumont Library District Local History Collection, via Calisphere (CBEA_071)",Researched,False,"Beaumont Library District, 125 E. 8th St, Beaumont CA 92223 · (951) 845-1357 · beaumontlibrary.org"
img_e5061c07708726ac,"'Spectacular Fire at Beaumont Destroys Hotel Edinburgh' — Los Angeles Herald, August 18, 1909",1909,1909,Public domain,"Newspaper page published August 18, 1909; U.S. copyright expired (95-year term, works published before 1931). Courtesy credit: California Digital Newspaper Collection, UC Riverside (RIGHTS-RULES rule 2).","Los Angeles Herald (digitized by the California Digital Newspaper Collection, UC Riverside)",Researched,False,
img_4ae2f58167bd00f1,Demonstration train,1909,1909,Unclear,"Calisphere/BLD rights statement: 'Copyright status unknown. Some materials in these collections may be protected by the U.S. Copyright Law (Title 17, U.S.C.).' Next action: request reproduction permission from the Beaumont Library District, which is standard practice for these collections.","Beaumont Library District Local History Collection, via Calisphere (CBEA_004)",Researched,False,"Beaumont Library District, 125 E. 8th St, Beaumont CA 92223 · (951) 845-1357 · beaumontlibrary.org"
img_a4ddc941e94d3eed,"Mellen Ranch orchard in bloom, 1909",1909,1909,Unclear,Do not infer reuse rights from age; verify against the holding institution or rights statement.,"Beaumont Library District, via Calisphere (CBEA_067, ark:/13030/c8kh0mpc)",Researched,True,
img_98c82304eed8a985,"Southern Pacific Depot, Beaumont — real photo postcard, c. 1909",1909,1909,Unclear,"Unclear, leaning Public domain - the negative-inscribed caption supports a commercially published real photo postcard c. 1909, which would be out of copyright under rule 2; but the 1909 date is filename-derived, the verso is unscanned, and no postmark or publisher imprint has been observed, so pre-1931 publication is a format inference, not demonstrated. Next action: locate the verso postmark or a publisher imprint to confirm Public domain.",Photographer/publisher unknown; scan from an eBay postcard listing,Researched,False,
img_7cc7f95ae75d9aa6,"Southern Pacific depot, Beaumont, California — real-photo postcard, postmarked March 28, 1909",1909,1909,Public domain,"Commercial real-photo postcard published/mailed by March 28, 1909; U.S. copyright expired (95-year term, works published before 1931). Courtesy credit: Tyrrell Historical Library, Beaumont, Texas, via The Portal to Texas History (RIGHTS-RULES rule 2; per the rule-2 note, the faithful reproduction of this PD card carries no new copyright).","Tyrrell Historical Library (Beaumont, Texas), Southeast Texas Postcards Collection — via The Portal to Texas History",Researched,False,
img_9c26cfc39eca4fc9,"Beaumont Post Office with W.C.T.U. fountain pavilion, Fifth Street and Egan Avenue",1910,1915,Public domain,"Rule 2: commercially produced real-photo postcard published c. 1911-1915, before 1931 — U.S. copyright expired (95-year term). Courtesy credit: Beaumont Library District collection scan.",Unknown photographer; Beaumont Library District collection scan,Researched,False,"Beaumont Library District, 125 E. 8th St, Beaumont CA 92223 · (951) 845-1357 · beaumontlibrary.org"
img_62e54c6518d7403e,"Dedication of the W.C.T.U. fountain, Beaumont — real-photo postcard",1910,1911,Public domain,"Real-photo postcard produced for sale at the 1910-1911 dedication — published before 1931; U.S. copyright expired under the 95-year publication term (rule 2). The 'LKCA' watermark is a scan-level dealer mark, not a copyright claim: faithful reproductions of public-domain 2-D works gain no new copyright (Bridgeman v. Corel).",Unknown photographer (real-photo postcard),Researched,False,
img_7547c2a1a3855993,"Dedication of the W.C.T.U. fountain, Fifth Street and Egan Avenue, Beaumont (real-photo postcard)",1910,1911,Public domain,"Real-photo postcard published c. 1910-1911 (BLD explicitly catalogs it as a postcard); published before 1931 — U.S. copyright expired (95-year term). Calisphere/BLD rights statement is 'copyright status unknown' boilerplate, but per the campaign's tier-2-vs-7 note (Bridgeman v. Corel) the institution's faithful scan of a PD published 2-D work carries no new copyright. Courtesy credit: Beaumont Library District.",Beaumont Library District,Researched,False,"Beaumont Library District, 125 E. 8th St, Beaumont CA 92223 · (951) 845-1357 · beaumontlibrary.org"
img_3e64932e3b8abfb7,"Egan Avenue looking south with A.T. Gantt General Merchandise, Beaumont (postcard postmarked 1915)",1910,1915,Public domain,Real-photo postcard postmarked/mailed 1915 — published before 1931; U.S. copyright expired (95-year term). Courtesy credit: Beaumont Library District collection; scan sourced from an eBay listing.,Unidentified postcard photographer/publisher (scan from an eBay listing),Researched,False,"Beaumont Library District, 125 E. 8th St, Beaumont CA 92223 · (951) 845-1357 · beaumontlibrary.org"
img_9299c7a090b03878,"Francis Marion Dowling Sr. as a young man, studio portrait",1910,1918,Permission required,"Unpublished family portrait, photographer unidentified, created after 1906 (rule 8): permission required from the Dowling family/donor via Beaumont Library District. As an unpublished anonymous work (120 years from creation), a c. 1910-1918 portrait remains in copyright until roughly 2030-2038.","Dowling family collection, Beaumont Library District",Researched,False,"Beaumont Library District, 125 E. 8th St, Beaumont CA 92223 · (951) 845-1357 · beaumontlibrary.org"
img_4a82e2c89eb4a27d,"Laura Mae Stewart and passenger in the car, with her father Rez Stewart on horseback",1910,1920,Copyrighted,"Calisphere rights statement: 'Copyrighted — Transmission or reproduction of materials protected by copyright beyond that allowed by fair use requires the written permission of the copyright owners.' Named holder: Laura May Stewart Trust (contact: Marilyn Vonderheide, 309 West 9th Place, Beaumont, CA 92223, 951-845-7155). Required action: obtain the Trust's written permission before any reproduction (rule 1 — named rights holder).","Beaumont Library District Local History Collection, via Calisphere (CBEA_170)",Researched,False,"Laura May Stewart Trust (contact via the Calisphere record's noted trustee, Marilyn Vonderheide, through Beaumont Library District)"
img_c01f0729b7635aa7,Newspaper subheadline on the Hotel Beaumont fire (clipping),1910,1960,Copyrighted,"Copyrighted — the publishing newspaper (unidentified from this fragment). Next action: identify the paper and issue date, then contact the publisher for reuse; note that if the issue proves to be pre-1930 the clipping would now be in the public domain.",Unidentified newspaper,Provenance verified,False,
img_7b302ec1a5a6c157,"Reznor P. Stewart, Founder of the Stewart Ranch, Late-Life Snapshot, c. 1910-1933",1910,1933,Permission required,"Unpublished family snapshot of c. 1910-1933, photographer unknown (Rule 8: family collections 1906+; the 120-years-from-creation term for anonymous unpublished works has not yet run). Next action: request permission from the Stewart family rights holder — Laura May Stewart Trust (Marilyn Vonderheide, Beaumont, per Calisphere Stewart-item rights statements) — via Beaumont Library District.","Stewart family collection, via Beaumont Library District",Researched,False,"Beaumont Library District, 125 E. 8th St, Beaumont CA 92223 · (951) 845-1357 · beaumontlibrary.org | Laura May Stewart Trust (contact via the Calisphere record's noted trustee, Marilyn Vonderheide, through Beaumont Library District)"
img_50e61a8496f4bfd2,"WCTU Fountain dedication, Fifth Street and Egan Avenue, Beaumont — December 25, 1910",1910,1910,Public domain,"Real-photo postcard of the December 25, 1910 dedication, commercially titled on the negative and distributed as a postcard c. 1910-11 — published before 1931, so U.S. copyright has expired (95-year term). Courtesy credit: Leslie A. Rios III Postcard Collection (rule 2; the Rios collection holds the physical card, not the copyright).",Leslie A. Rios III Postcard Collection,Researched,False,
img_2ba02d1a7deddfd1,Beaumont Bank / Funk Building — first home of the library,1911,1914,Unclear,Do not infer reuse rights from age; verify against the holding institution or rights statement.,"Beaumont Library District, via Calisphere (CBEA_108, ark:/13030/c8dn44db)",Researched,True,
img_2880f54eaa19145f,Beaumont Grammar School,1911,1911,Copyrighted,"Calisphere rights statement (verbatim operative phrase): 'Copyrighted — Transmission or reproduction of materials protected by copyright beyond that allowed by fair use requires the written permission of the copyright owners.' Named rights holder: Laura May Stewart Trust, contact Marilyn Vonderheide, 309 West 9th Place, Beaumont, CA 92223, 951-845-7155. Required action: obtain written permission from the Laura May Stewart Trust (via Marilyn Vonderheide) before reproduction.","Beaumont Library District Local History Collection, via Calisphere (CBEA_145)",Researched,True,"Laura May Stewart Trust (contact via the Calisphere record's noted trustee, Marilyn Vonderheide, through Beaumont Library District)"
img_2a51e22c51021029,"Laura May Stewart at the Stewart Ranch, 1911",1911,1911,Permission required,"Rule 8 (family collection, unpublished, photographer unknown, created 1906+): Permission required. Stewart-family photographs on Calisphere are rights-administered by the Laura May Stewart Trust (Marilyn Vonderheide, 309 West 9th Place, Beaumont, CA 92223, per Calisphere rights statements); request permission for this print via Beaumont Library District / the Trust.","Stewart family collection (Laura May Stewart Trust), via Beaumont Library District",Researched,False,"Beaumont Library District, 125 E. 8th St, Beaumont CA 92223 · (951) 845-1357 · beaumontlibrary.org | Laura May Stewart Trust (contact via the Calisphere record's noted trustee, Marilyn Vonderheide, through Beaumont Library District)"
img_dee5615ad57181f9,"Laura May Stewart on her horse Pado, probably at the Stewart Ranch, 1911",1911,1911,Permission required,"Stewart family collection: unpublished snapshot, photographer unknown, created 1911 (post-1906 branch of rule 8). Contact the family/donor via the Beaumont Library District; note that the Laura May Stewart Trust (Marilyn Vonderheide, per Calisphere BLD records) is the named rights holder for related Stewart-family images and is the likely authorizing party.","Stewart family collection, via Beaumont Library District",Researched,False,"Beaumont Library District, 125 E. 8th St, Beaumont CA 92223 · (951) 845-1357 · beaumontlibrary.org | Laura May Stewart Trust (contact via the Calisphere record's noted trustee, Marilyn Vonderheide, through Beaumont Library District)"
img_056f22949c5d906e,"Laura May Stewart with Lariat at the Stewart Ranch ('Laura in chaps'), 1911",1911,1911,Permission required,"Unpublished Stewart family snapshot, 1911, photographer unknown (Rule 8: family collections 1906+). As an anonymous unpublished work it remains in copyright until 120 years from creation (end of 2031). Next action: request permission from the Stewart family's rights holder — the Laura May Stewart Trust (Marilyn Vonderheide, 309 West 9th Place, Beaumont, per Calisphere Stewart-item rights statements) — via Beaumont Library District.","Stewart family collection, via Beaumont Library District",Researched,False,"Beaumont Library District, 125 E. 8th St, Beaumont CA 92223 · (951) 845-1357 · beaumontlibrary.org | Laura May Stewart Trust (contact via the Calisphere record's noted trustee, Marilyn Vonderheide, through Beaumont Library District)"
img_299b9a16b53340ed,"Summit House, once the Beatty House",1911,1911,Copyrighted,"Calisphere rights statement (verbatim opening): 'Copyrighted — Transmission or reproduction of materials protected by copyright beyond that allowed by fair use requires the written permission of the copyright owners.' Named rights holder: Laura May Stewart Trust (contact: Marilyn Vonderheide, 309 West 9th Place, Beaumont, CA 92223, 951-845-7155). Next action: obtain the Trust's written permission before reproduction (RIGHTS-RULES rule 1: named holder in statement).","Beaumont Library District Local History Collection, via Calisphere (CBEA_172)",Researched,False,"Laura May Stewart Trust (contact via the Calisphere record's noted trustee, Marilyn Vonderheide, through Beaumont Library District)"
img_96cdf4349eff3950,Beaumont City Hall,1912,1912,Unclear,"Calisphere/BLD rights statement: 'Copyright status unknown. Some materials in these collections may be protected by the U.S. Copyright Law (Title 17, U.S.C.).' Next action: request reproduction permission from the Beaumont Library District, which is standard practice for these collections.","Beaumont Library District Local History Collection, via Calisphere (CBEA_029)",Researched,True,"Beaumont Library District, 125 E. 8th St, Beaumont CA 92223 · (951) 845-1357 · beaumontlibrary.org"
img_a144edcec7a50be8,"New Presbyterian Church under construction after a January snowstorm (701 Egan Ave), Beaumont",1913,1922,Unclear,"Rule 10: the underlying image is a real-photo postcard of c. 1916 by an unidentified photographer. It would be Public domain if demonstrably published (sold/distributed) before 1931, but the caption is handwritten on the print — suggesting a personal photographic postcard — and the framed original's owner and back imprint are unknown, so publication cannot yet be demonstrated. Next action: locate the framed original via BLD/SGPHS and check the back for a printed postcard imprint or publisher line, which would establish pre-1931 publication (Rule 2, Public domain).",Unknown,Researched,False,
img_a7581c3a3616e8da,Jane Eyer Smoot — photo from her October 1915 U.S. passport application,1914,1915,Unclear,"Photograph affixed to a 1915 U.S. passport application, preserved in NARA RG 59 and circulated via Ancestry and Find a Grave. NARA places no access or use restrictions on these public records and no photographer or rights claimant is identifiable; formally, an anonymous unpublished photograph's 120-years-from-creation term runs to c. 2035, so the strict status is unclear even though practical restriction risk is nil (no rule 1-9 fit; rule 10 applied). Next action: credit 'National Archives, U.S. passport application records (via Find a Grave)' and optionally source the original application scan from Ancestry.","U.S. passport application records, National Archives (RG 59); scan via Find a Grave (D.J. McLaughlin)",Researched,False,
img_e8c5738ad26c5ffc,"Laura Mae Stewart, First Cherry Festival Queen, Riding in a Studebaker Six at the 2nd Cherry Festival",1914,1914,Copyrighted,"Calisphere rights statement (verbatim, operative phrase): ""Copyrighted. Transmission or reproduction of materials protected by copyright beyond that allowed by fair use requires the written permission of the copyright owners..."" — the statement names a rights holder, the Laura May Stewart Trust (contact: Marilyn Vonderheide, 309 West 9th Place, Beaumont, CA 92223, 951-845-7159). Rule 1: named holder in the statement → Copyrighted. Next action: obtain written permission from the Laura May Stewart Trust via the named contact before reproduction.","Beaumont Library District Local History Collection, via Calisphere (CBEA_149)",Researched,False,"Laura May Stewart Trust (contact via the Calisphere record's noted trustee, Marilyn Vonderheide, through Beaumont Library District)"
img_4239365a9df07707,"5th Street at the A. T. Gantt & Bro. corner, Beaumont — real photo postcard, c. 1915-1925",1915,1925,Unclear,"Rule 1 (Calisphere-matched record) — BLD rights statement captured verbatim: 'Copyright status unknown. Some materials in these collections may be protected by the U.S. Copyright Law (Title 17, U.S.C.)... Responsibility for any use rests exclusively with the user.' Next action: request reproduction permission from the Beaumont Library District, standard practice for this collection. Note: as a commercially stamped real photo postcard of c. 1915-1925 it is very likely public domain under the pre-1931 publication rule, but the short-run stamped card's actual publication is not demonstrable from the scan alone.",Beaumont Library District (Calisphere item CBEA_036),Researched,False,"Beaumont Library District, 125 E. 8th St, Beaumont CA 92223 · (951) 845-1357 · beaumontlibrary.org"
img_c8be9dda2808f47c,"Bogart House in deep snow, Beaumont",1915,1940,Permission required,"Rule 7 (institutional physical collection without a copyright claim): the print is 'from Beaumont Library District' per the filename; an unpublished snapshot by an unidentified photographer, plausibly still in copyright. Next action: request reproduction permission from Beaumont Library District, which controls its physical holdings.",Beaumont Library District,Researched,False,"Beaumont Library District, 125 E. 8th St, Beaumont CA 92223 · (951) 845-1357 · beaumontlibrary.org"
img_291537b3068812cf,"Clarendon B. Eyer, president of the Beaumont Land and Water Company",1915,1925,Permission required,"Rule 8: unpublished family portrait, photographer unknown, created c. 1915-1925 — the 120-year unpublished-anonymous copyright term has not expired, and no publication is documented. Obtain permission via the Eyer family donor / Beaumont Library District, whose working folder is the scan source. If the print proves to be from a NARA passport-application file, NARA imposes no access restrictions, but that would not by itself establish public-domain status.",Beaumont Library District (Eyer House and family folder),Researched,False,"Beaumont Library District, 125 E. 8th St, Beaumont CA 92223 · (951) 845-1357 · beaumontlibrary.org"
img_dbf7e0bb619c1c74,Cora K. Eyer (Mrs. Clarendon B. Eyer),1915,1925,Permission required,"Rule 8: unpublished family portrait, photographer unknown, created c. 1915-1925 — the 120-year unpublished-anonymous copyright term has not expired, and no publication is documented. Obtain permission via the Eyer family donor / Beaumont Library District, whose working folder is the scan source.",Beaumont Library District (Eyer House and family folder),Researched,False,"Beaumont Library District, 125 E. 8th St, Beaumont CA 92223 · (951) 845-1357 · beaumontlibrary.org"
img_953fbfaa8e42a2fb,"Iola May Stower (later Dowling) as a young woman, oval-matted studio portrait",1915,1924,Permission required,"Unpublished family portrait, photographer unidentified, created after 1906 (rule 8): permission required from the Dowling family/donor via Beaumont Library District. As an unpublished anonymous work (120 years from creation), a c. 1916-1924 portrait remains in copyright until roughly 2036-2044.","Dowling family collection, Beaumont Library District",Researched,False,"Beaumont Library District, 125 E. 8th St, Beaumont CA 92223 · (951) 845-1357 · beaumontlibrary.org"
img_4e6f8597cedbda5b,"Jane Eyer Smoot (1859-1935) — printed book plate captioned ""Mrs. Kenneth R. Smoot""",1915,1925,Unclear,"Halftone plate from an unidentified printed volume. If the book was published before 1931 — likely, given the subject's apparent age (b. 1859) and the plate's typography — it is public domain under the 95-year rule (RIGHTS-RULES tier 2), but publication date cannot yet be demonstrated. Next action: identify the volume via Highland Park Historical Society / full-text book searches, then re-grade; courtesy credit Beaumont Library District for the scan.",Beaumont Library District research files (source book unidentified),Researched,False,"Beaumont Library District, 125 E. 8th St, Beaumont CA 92223 · (951) 845-1357 · beaumontlibrary.org"
img_a7a6b112d9c297dd,Studio portrait of Luis Moncada Estrada (1894–1980) as a young man,1915,1930,Permission required,"Unpublished family photograph, photographer unknown, created after 1906 (c. 1915–1930) — contact the Estrada family/donor (Leslie Rios III) via Beaumont Library District for reproduction permission. Related Estrada materials (MS 871) are held by the California State Railroad Museum Library & Archives.",Estrada family collection (via Beaumont Library District),Researched,False,"Beaumont Library District, 125 E. 8th St, Beaumont CA 92223 · (951) 845-1357 · beaumontlibrary.org | Estrada family (collection donors) — via Beaumont Library District"
img_092d2807a0231929,"Class portrait at the old wood-frame Wellwood School, c. 1916–17",1916,1917,Permission required,"Unpublished class portrait, photographer unknown, created c. 1916–17 — as an anonymous unpublished work its term runs ~120 years from creation (to c. 2036), and Beaumont Library District controls reproduction of the physical print. Next action: request reproduction permission from Beaumont Library District.",Beaumont Library District,Researched,False,"Beaumont Library District, 125 E. 8th St, Beaumont CA 92223 · (951) 845-1357 · beaumontlibrary.org"
img_96cb1ed10cb5a0fd,Beaumont Woman's Club clubhouse,1917,1929,Unclear,Do not infer reuse rights from age; verify against the holding institution or rights statement.,"Beaumont Library District, via Calisphere (CBEA_088, ark:/13030/c80k27x4)",Researched,True,
img_ed9a0626308ebccf,Francis Dowling Sr. with Golden State Cherry Orchard truck,1918,1925,Permission required,"Unpublished family photograph, photographer unidentified, created after 1906 (rule 8): permission required from the Dowling family/donor via Beaumont Library District. As an unpublished anonymous work (120 years from creation), a c. 1918-1925 photo remains in copyright until roughly 2038-2045.","Dowling family collection, Beaumont Library District",Researched,False,"Beaumont Library District, 125 E. 8th St, Beaumont CA 92223 · (951) 845-1357 · beaumontlibrary.org"
img_66a9280d1c1afbf9,The Bank of Beaumont,1918,1922,Unclear,"Calisphere rights statement (verbatim, operative phrase): ""Copyright status unknown. Some materials in these collections may be protected by the U.S. Copyright Law (Title 17, U.S.C.)..."" — rule 1 boilerplate, so status is Unclear. Next action: request reproduction permission from the Banning Library District, standard practice for this collection. (A photographic print/slide, not demonstrably published pre-1931, so the rule-2 override does not apply.)","Banning Library District Local History Collection, via Calisphere (CBAN_109)",Researched,False,"Banning Library District, 21 W. Nicolet St, Banning CA 92220 · (951) 849-3192 · banninglibrarydistrict.org"
img_317c261e7e95cb9d,Kenneth R. Smoot and Jane Eyer Smoot — joint photo from Kenneth's 1920 U.S. passport application,1919,1920,Unclear,"Photograph affixed to Kenneth Smoot's 1920 U.S. passport application, preserved in NARA RG 59 and circulated via Ancestry and Find a Grave. NARA places no restrictions on these public records and no photographer or claimant is identifiable; formally, an anonymous unpublished photograph's 120-years-from-creation term runs to c. 2040, so strict status is unclear though practical restriction risk is nil (no rule 1-9 fit; rule 10 applied). Next action: credit 'National Archives, U.S. passport application records (via Find a Grave)'.","U.S. passport application records, National Archives (RG 59); scan via Find a Grave (D.J. McLaughlin)",Researched,False,
img_c39e3df610ea24d9,Pauline Weaver (posthumous artist's sketch),1920,1929,Unclear,Do not infer reuse rights from age; verify against the holding institution or rights statement.,Artist unknown; no institutional provenance established (the circulating 'Sharlot Hall Museum' credit is unverified; cf. Arizona Historical Society portrait file #61659),Researched,True,
img_530a9cbb25c298f7,Wellwood School,1921,1921,Unclear,"Calisphere/BLD rights statement (verbatim operative phrase): 'Copyright status unknown. Some materials in these collections may be protected by the U.S. Copyright Law (Title 17, U.S.C.)...' Required action: request reproduction permission from the contributing institution (Beaumont Library District), which is standard practice for these collections.","Beaumont Library District Local History Collection, via Calisphere (CBEA_133)",Researched,False,"Beaumont Library District, 125 E. 8th St, Beaumont CA 92223 · (951) 845-1357 · beaumontlibrary.org"
img_fd15a86cd86982d6,"Triangle Service Station attendants, Beaumont — real-photo postcard by Whelan, c. 1920s",1922,1930,Public domain,"Public domain — commercial real-photo postcard published c. 1922-1930, before 1931; the 95-year U.S. copyright term has expired (rule 2). Courtesy credit: Beaumont Library District collection (scan source); a faithful scan of this 2-D public-domain work carries no new copyright (Bridgeman v. Corel).",Whelan (postcard photographer); courtesy Beaumont Library District collection,Researched,False,"Beaumont Library District, 125 E. 8th St, Beaumont CA 92223 · (951) 845-1357 · beaumontlibrary.org"
img_cd302d98752b29e0,"Second Bank of Beaumont Entrance, Fifth Street and California Avenue, c. 1923-1940",1923,1940,Permission required,"Photograph of c. 1923-1940, photographer unknown, held in the Beaumont Library District physical collection (Rule 7 — the institution controls reproduction of its holdings even where underlying copyright may have expired; publication before 1931 cannot currently be demonstrated, so Rule 2 does not apply). Next action: request reproduction permission from Beaumont Library District and check the print's verso for publisher or studio markings.",Beaumont Library District,Researched,False,"Beaumont Library District, 125 E. 8th St, Beaumont CA 92223 · (951) 845-1357 · beaumontlibrary.org"
img_7d409eb4d324e61e,"W.C.T.U. fountain beside the 1923 Bank of Beaumont building, Fifth Street and Egan Avenue",1923,1940,Permission required,"Photographer unknown; apparently unpublished print held in the Beaumont Library District collection (rights rule 7) — underlying copyright possibly expired if taken before the mid-1930s, but the institution controls reproduction of its physical holdings. Next action: request permission and a better scan from Beaumont Library District.",Unknown,Researched,False,"Beaumont Library District, 125 E. 8th St, Beaumont CA 92223 · (951) 845-1357 · beaumontlibrary.org"
img_0b3ce9bbcc89c40d,"Fifth Street at Egan Avenue with the Bank of Beaumont — Frasher Foto postcard, c. late 1920s",1925,1931,Copyrighted,"Frasher Foto (Burton Frasher Sr., Pomona) photograph; publication before 1931 is plausible but not demonstrated (margin note 'circa 1925' is a later addition; autos suggest c. 1925-1931), so rule 6 applies rather than rule 2: photographer known — the Pomona Public Library holds the Frasher Foto collection; contact them for negative dating and reproduction. If the negative proves pre-1931 publication, status flips to Public domain.","Frasher Foto, Pomona (Burton Frasher Sr.); digital copy via Flickr user 'clamshack' / Facebook 2020",Researched,False,Pomona Public Library Special Collections (Frasher Foto archive) · pomonalibrary.org
img_03ae9abaca02013c,"Interior of the S. and S. Grocery, Egan Avenue and Fifth Street, Beaumont, c. 1930",1925,1934,Permission required,"Rule 8 (family collection, unpublished, photographer unknown, created after 1906): permission required from the family/donor via the Beaumont Library District. The Sumner family (Karen Sumner Noordman is a known contributor of Sumner material to this project) is the probable source; next action: BLD to confirm the donor and secure reproduction permission.",Unknown; likely Sumner family via Beaumont Library District,Researched,False,"Beaumont Library District, 125 E. 8th St, Beaumont CA 92223 · (951) 845-1357 · beaumontlibrary.org"
img_9dee891466dac007,"The S. and S. Grocery corner, Fifth Street and Egan Avenue, Beaumont, c. 1930",1925,1934,Permission required,"Rule 8 (family collection, unpublished, photographer unknown, created after 1906): permission required from the family/donor via the Beaumont Library District. Probable source is the Sumner family (Karen Sumner Noordman); next action: BLD to confirm the donor and secure reproduction permission.",Unknown; likely Sumner family via Beaumont Library District,Researched,False,"Beaumont Library District, 125 E. 8th St, Beaumont CA 92223 · (951) 845-1357 · beaumontlibrary.org"
img_e3de81c2cb7655c8,"Triangle Service Station, 6th and California Streets, Beaumont",1925,1932,Unclear,"Calisphere/Beaumont Library District rights statement: 'Copyright status unknown. Some materials in these collections may be protected by the U.S. Copyright Law (Title 17, U.S.C.).' Next action: request reproduction permission from the Beaumont Library District, which is standard practice for these collections. Note: this is a commercial real-photo postcard — if its publication can be demonstrated as pre-1931, rule 2 would reclassify it as Public domain (95-year term expired); the current date estimate (c. 1925-1932) extends past 1930, so that cannot yet be asserted.","Beaumont Library District Local History Collection, via Calisphere (CBEA_121)",Researched,False,"Beaumont Library District, 125 E. 8th St, Beaumont CA 92223 · (951) 845-1357 · beaumontlibrary.org"
img_c66b2fd607cf422f,"Beaumont High School, E. 6th Street (now Beaumont Civic Center), from the 1930 BHS yearbook",1928,1930,Public domain,"Published in the 1930 Beaumont High School yearbook (per the BLD source filename); works published 1930 or earlier entered the U.S. public domain Jan 1, 2026 (95-year term). Courtesy credit: Beaumont Library District. Caveat: the publication claim rests on the collection filename — if sight-verification of a 1930 yearbook fails and the print proves unpublished, BLD permission (rule 7) would govern instead.","1930 Beaumont High School yearbook, via Beaumont Library District",Researched,False,"Beaumont Library District, 125 E. 8th St, Beaumont CA 92223 · (951) 845-1357 · beaumontlibrary.org"
img_cfdaf786f32d7ba0,"Crawler tractors pulling grain drills at Stewart Ranch, Beaumont, c. 1930s",1928,1945,Permission required,"Unpublished ranch photograph, photographer unknown, created after 1906 (c. 1930s) — contact the Stewart family/donor via Beaumont Library District for reproduction permission. Related Stewart Ranch items on Calisphere carry only 'copyright status unknown' or blanket written-permission boilerplate, naming no specific rights holder.",Stewart family collection (via Beaumont Library District),Researched,False,"Beaumont Library District, 125 E. 8th St, Beaumont CA 92223 · (951) 845-1357 · beaumontlibrary.org"
img_2aaf83f6b9ef8d97,"First Christian Church (Disciples of Christ), 701 Egan Avenue at Seventh Street, Beaumont",1930,1930,Permission required,"Rule 7 (institutional collection without a copyright claim): scan reproduced from the San Gorgonio Pass Historical Society website; photographer and original publication unknown. Contact SGPHS for reproduction permission. If the halftone proves to come from a pre-1931 publication, it would instead be Public domain under rule 2.",San Gorgonio Pass Historical Society (website reproduction; photographer unknown),Researched,False,"San Gorgonio Pass Historical Society (SGPHS), Banning CA · sgphs.org"
img_1d5ad1237f7755e2,"Our Lady of Guadalupe Chapel (later Sacred Heart), Beaumont barrio, c. 1930-1955",1930,1955,Permission required,"Unpublished family-collection photograph, photographer unknown, created after 1906 (RIGHTS-RULES rule 8). Contact donor Grace Granados via Beaumont Library District for reproduction permission.",Courtesy of Grace Granados,Researched,False,"Beaumont Library District, 125 E. 8th St, Beaumont CA 92223 · (951) 845-1357 · beaumontlibrary.org"
img_4a9ee3f3baeb6a26,"Section Gang with Track Tools, Luis Estrada at Far Right",1930,1950,Permission required,"Permission required — unpublished Estrada family photograph, photographer unknown, created after 1906 (family-collection rule 8). Underlying copyright has not expired (anonymous unpublished work: 120 years from creation). Contact the Estrada family (donor) through the Beaumont Library District before reproduction.",Estrada family collection (via Beaumont Library District),Researched,False,"Beaumont Library District, 125 E. 8th St, Beaumont CA 92223 · (951) 845-1357 · beaumontlibrary.org | Estrada family (collection donors) — via Beaumont Library District"
img_4ec3e978a2772b6b,"Track Crew on a Railroad Bridge, Luis Estrada Fourth from Right",1930,1950,Permission required,"Permission required — unpublished Estrada family photograph, photographer unknown, created after 1906 (family-collection rule 8). Underlying copyright (anonymous unpublished work: 120 years from creation) has not expired. Contact the Estrada family (donor) through the Beaumont Library District before reproduction.",Estrada family collection (via Beaumont Library District),Researched,False,"Beaumont Library District, 125 E. 8th St, Beaumont CA 92223 · (951) 845-1357 · beaumontlibrary.org | Estrada family (collection donors) — via Beaumont Library District"
img_0880ba793548d705,"Fifth Street (Main Street), Beaumont, with Harvey's Cafe and the Beaumont Garage — real photo postcard, c. 1932-1940",1932,1940,Permission required,"Rule 6 (named private collection — Steve Lech): the scan comes from Steve Lech's collection and bears his RivCoKid Images watermark; the card's publisher/photographer is unidentified and the view dates c. 1932-1940, so the pre-1931 public-domain rule (rule 2) cannot be applied. Next action: contact Steve Lech (rivcokid@gmail.com) for an unwatermarked scan and reproduction permission; if publication can be shown to precede 1931 the card itself would be public domain, and a 1932-40 card whose copyright was never renewed may also prove free, but neither is demonstrable from the scan alone.",Steve Lech postcard collection (RivCoKid Images),Researched,False,
img_88e0efbd8026acce,"South side of West 5th Street, Beaumont — Crowther Real Estate, Beaumont Variety Store, Pass City Grocery, and Maloof's, c. 1933-1937",1933,1937,Unclear,"Rule 1 (Calisphere-matched record) — BLD rights statement captured verbatim: 'Copyright status unknown. Some materials in these collections may be protected by the U.S. Copyright Law (Title 17, U.S.C.)... Responsibility for any use rests exclusively with the user.' Next action: request reproduction permission from the Beaumont Library District, which is standard practice for this collection.",Beaumont Library District (Calisphere item CBEA_101),Researched,False,"Beaumont Library District, 125 E. 8th St, Beaumont CA 92223 · (951) 845-1357 · beaumontlibrary.org"
img_5430b97f619e1088,"Presbyterian Church postcard, northeast corner of 7th and Euclid Streets",1934,1960,Copyrighted,"Calisphere rights statement (verbatim opening): 'Copyrighted — Transmission or reproduction of materials protected by copyright beyond that allowed by fair use requires the written permission of the copyright owners.' Named rights holder: Beaumont Chamber of Commerce (726 Beaumont Ave, Beaumont, CA 92223, 951-845-9543). Rule 2 (pre-1931 published material) does not apply: the stone sanctuary was completed May 20, 1934, so this postcard was necessarily published after the 1931 public-domain cutoff. Next action: obtain the Chamber's written permission before reproduction (RIGHTS-RULES rule 1: named holder in statement).","Beaumont Library District Local History Collection, via Calisphere (CBEA_163)",Researched,False,
img_8241a89edda429c5,"Chamber of Commerce building and Logan's Style Shops, Sixth Street, Beaumont — Frasher's Fotos postcard F6322",1937,1942,Copyrighted,"Copyrighted — Frasher's Fotos (Burton Frasher); the Frasher Foto negative collection is held by Pomona Public Library (RIGHTS-RULES rule 6). Published c. 1937-1942, so the 95-year term runs into the 2030s. Next action: request reproduction/licensing through Pomona Public Library Special Collections.","Frasher's Fotos (Burton Frasher); Frasher Foto Collection, Pomona Public Library",Researched,False,Pomona Public Library Special Collections (Frasher Foto archive) · pomonalibrary.org
img_82f263746528ece8,Fifth Street looking east toward the Bank of Beaumont — Frashers Fotos real-photo postcard,1937,1941,Copyrighted,"Frashers Fotos real-photo postcard published c. 1937-1941 — post-1930 publication, so not public domain; rights rule 6 names Frasher Foto, whose collection is held by the Pomona Public Library. Contact Pomona Public Library for reproduction rights.","Frashers Fotos (Burton Frasher, Pomona)",Researched,False,Pomona Public Library Special Collections (Frasher Foto archive) · pomonalibrary.org
img_6b0ff0ed19b0fb9e,Ramona V. Torres — c. 1940s portrait as reproduced on the Ramona's Restaurant menu,1937,1950,Permission required,"The photographed object is a modern Ramona's Restaurant menu (published post-1972, still in copyright, held by the restaurant's Torres/Vargas family) incorporating an unpublished c. 1940s family portrait whose photographer is unidentified (Rules 5-6 analog + Rule 6). Next action: contact the Vargas family via SGPHS or Beaumont Library District for reproduction permission and ideally the original portrait print.",Torres/Vargas family (Ramona's Restaurant),Researched,False,"Beaumont Library District, 125 E. 8th St, Beaumont CA 92223 · (951) 845-1357 · beaumontlibrary.org"
img_4ac86175e34cb48f,"Beaumont High School (now Beaumont Civic Center), real-photo postcard, c. 1938-1948",1938,1948,Permission required,"Permission required — the mature landscaping places publication after 1930, so the pre-1931 public-domain rule cannot be applied, and the postcard publisher is unidentified; the Beaumont Library District holds the print and controls reproduction (rule 7). Next action: ask BLD; if a publisher imprint is found on the verso, run a renewal search.",Unidentified postcard photographer; Beaumont Library District collection,Researched,False,"Beaumont Library District, 125 E. 8th St, Beaumont CA 92223 · (951) 845-1357 · beaumontlibrary.org"
img_ef0e1fe665c580a0,"Sam's Cafe on Sixth Street (U.S. 60-70-99), Beaumont — Frasher's Fotos postcard F6335",1938,1946,Copyrighted,"Rule 6 (named photographer, 1931+): Frasher's Fotos postcard by Burton Frasher, Pomona; the Pomona Public Library holds the Frasher Foto collection — contact them for licensing. If publication before 1946 without copyright renewal is ever documented, the card may in fact be public domain, but per catalog rules it is treated as Copyrighted.","Frasher's Fotos (Burton Frasher, Pomona, Calif.)",Researched,False,Pomona Public Library Special Collections (Frasher Foto archive) · pomonalibrary.org
img_7707eba1df237c65,"""Beaumont Builds Attractive City Hall"" — newspaper clipping attributed to the Desert Sun, April 28, 1939",1939,1939,Copyrighted,"Newspaper page attributed to the Desert Sun, April 28, 1939 — post-1930, so rule 5 applies: rights presumptively with the publisher; contact The Desert Sun (Palm Springs; now Gannett) for reproduction. Next action: when verifying the issue on CDNC in a browser, also check whether the 1939 copyright was renewed — many papers of this era were not, which would place the page in the public domain.","The Desert Sun (Palm Springs), April 28, 1939; digital copy via Facebook, Dec. 2020",Researched,False,
img_a9b8f17ec8b1a61d,"Beaumont City Hall, fire station, and police station, 500 Grace Avenue, c. 1940s",1939,1950,Permission required,"Family snapshot, c. 1940s; collection owner known (Karen Sumner Noordman, scan received 1-12-2023) but photographer unidentified — rights rule 6. Contact Karen Sumner Noordman via the Beaumont Library District.",Karen Sumner Noordman collection (photographer unknown),Researched,False,"Beaumont Library District, 125 E. 8th St, Beaumont CA 92223 · (951) 845-1357 · beaumontlibrary.org"
img_c323e4a9718d30b7,"Emeteria and Luis Estrada, Beaumont — 1940s",1940,1949,Permission required,"Unpublished family photograph, 1940s, photographer unknown (rule 8, created after 1906): reproduction permission from the Estrada family/donor via Beaumont Library District.",Estrada family collection,Researched,False,"Beaumont Library District, 125 E. 8th St, Beaumont CA 92223 · (951) 845-1357 · beaumontlibrary.org | Estrada family (collection donors) — via Beaumont Library District"
img_8dec862cc0cae6ba,"Navy Men Erecting Flagpole, U.S. Naval Convalescent Hospital, Cherry Valley",1940,1949,Unclear,"Calisphere/Banning Library District rights statement (quoted): ""Copyright status unknown. Some materials in these collections may be protected by the U.S. Copyright Law (Title 17, U.S.C.)..."" No rights holder is named. Next action: request reproduction permission from the Banning Library District, standard practice for these collections. Note: if provenance showed this to be an official U.S. Navy photograph, rule 3 would make it public domain (17 U.S.C. § 105), but Calisphere lists the creator as Unknown, so status stays Unclear.","Banning Library District Local History Collection, via Calisphere (CBAN_119)",Researched,False,"Banning Library District, 21 W. Nicolet St, Banning CA 92220 · (951) 849-3192 · banninglibrarydistrict.org"
img_cc7036a752144a64,"Railroad workers at the Southern Pacific depot, Beaumont, 1940s",1940,1949,Permission required,"Unpublished private snapshot, photographer unknown, created in the 1940s (rule 8: post-1906 unpublished material from a family/donor collection) — permission of the donor family via the Beaumont Library District; the donor is not yet identified in the collection records.",Unknown,Researched,False,"Beaumont Library District, 125 E. 8th St, Beaumont CA 92223 · (951) 845-1357 · beaumontlibrary.org"
img_484acf24f5126598,"The Desert Outpost Motel and Cafe, Beaumont",1940,1949,Unclear,"Calisphere/Banning Library District rights statement (quoted): ""Copyright status unknown. Some materials in these collections may be protected by the U.S. Copyright Law (Title 17, U.S.C.)..."" No rights holder is named. Next action: request reproduction permission from the Banning Library District, standard practice for these collections.","Banning Library District Local History Collection, via Calisphere (CBAN_110)",Researched,False,"Banning Library District, 21 W. Nicolet St, Banning CA 92220 · (951) 849-3192 · banninglibrarydistrict.org"
img_433403e951bbabcd,"Three Beaumont railroad men identified as train depot workers, with a 1938 Chevrolet — c. 1940s",1940,1949,Permission required,"Unpublished 1940s snapshot; photographer and original owner unrecorded (rule 8, created after 1906): reproduction permission via Beaumont Library District, which holds the scan series. Next action: BLD to check donor/accession records for the 'Mexican and other railroad workers' folder.",Beaumont Library District local history scans (original owner unrecorded),Researched,False,"Beaumont Library District, 125 E. 8th St, Beaumont CA 92223 · (951) 845-1357 · beaumontlibrary.org"
img_47cf3e6c1c4e364b,Wellwood Elementary School (1921 building) — newspaper halftone,1940,1975,Unclear,"Unclear — unidentified newspaper halftone, almost certainly published after 1930 (mature landscaping at a 1921 building), so the unknown publisher would hold any subsisting copyright (rule 10; rule 5 needs a named paper). Next action: locate the source issue in CDNC's Record-Gazette run to name the publisher and date.",Unidentified newspaper,Researched,False,"Record-Gazette, Banning CA · recordgazette.net"
img_99f7111cab26b389,"Beaumont High School (now Beaumont Civic Center), from the 1942 BHS yearbook",1942,1942,Unclear,"Published in the 1942 Beaumont High School yearbook. A 1931–1963 U.S. publication is public domain only if its copyright was not renewed; school-yearbook renewals are practically unknown but unverified here. Next action: check the Stanford Copyright Renewal Database / Catalog of Copyright Entries for a renewal — failing one, treat as public domain. Courtesy credit: Beaumont Library District collection.",1942 Beaumont High School yearbook (Beaumont Library District collection),Researched,False,"Beaumont Library District, 125 E. 8th St, Beaumont CA 92223 · (951) 845-1357 · beaumontlibrary.org"
img_634101dcee127994,"Railroad workers on a Railway Express wagon, Southern Pacific depot, Beaumont",1942,1952,Permission required,"Private snapshot, photographer unidentified, created in the 1940s and apparently unpublished — still within copyright (rights rule 6, family snapshots 1931+; unpublished anonymous works run 120 years from creation). Next action: contact Beaumont Library District / the donor family for permission.",Unknown (private snapshot),Researched,False,"Beaumont Library District, 125 E. 8th St, Beaumont CA 92223 · (951) 845-1357 · beaumontlibrary.org"
img_21f5dda0d6f26b4a,"Sam's Cafe on 6th Street, northeast corner of 6th and Edgar Streets",1942,1946,Unclear,"Calisphere/BLD rights statement begins: 'Copyright status unknown. Some materials in these collections may be protected by the U.S. Copyright Law (Title 17, U.S.C.)...' — rule 1 boilerplate, so status is Unclear. Next action: request reproduction permission from the Beaumont Library District, standard practice for this collection. A c. 1944 unpublished photograph, so the pre-1931 published-material public-domain override (rule 2) does not apply.","Beaumont Library District Local History Collection, via Calisphere (CBEA_118)",Researched,False,"Beaumont Library District, 125 E. 8th St, Beaumont CA 92223 · (951) 845-1357 · beaumontlibrary.org"
img_3b097e0808432587,"Women's railroad track crew (""Female R.R. Crew""), Beaumont",1942,1945,Permission required,"Rule 8 (unpublished family-collection photo, photographer unknown, created after 1906): a WWII-era snapshot from a Beaumont railroad family, held in the BLD working folder 'Mexican and other railroad workers'. Next action: Beaumont Library District to identify the donor family of this folder and obtain their permission for reproduction.",Unknown,Researched,False,"Beaumont Library District, 125 E. 8th St, Beaumont CA 92223 · (951) 845-1357 · beaumontlibrary.org"
img_ca02842503e130c9,"Luis and Emeteria Estrada Family Portrait, Beaumont",1944,1947,Permission required,"Permission required — unpublished family portrait, photographer unknown (possibly a professional; the improvised backdrop suggests a hired sitting), created after 1906 (family-collection rule 8). Contact the Estrada family through the Beaumont Library District, and confirm custody with the Leslie A. Rios III collection named in the filename, before reproduction.",Estrada family collection / Leslie A. Rios III collection (via Beaumont Library District),Researched,False,"Beaumont Library District, 125 E. 8th St, Beaumont CA 92223 · (951) 845-1357 · beaumontlibrary.org | Estrada family (collection donors) — via Beaumont Library District"
img_8ecf8879b0fffd2d,Deodar cedars lining Beaumont Avenue (real photo postcard),1945,1958,Unclear,"Published mid-century (c. 1945-1958), so the pre-1931 public-domain rule does not apply; photographer and publisher are unidentified and the card back (copyright notice or its absence) has not been seen. Works published 1928-1963 without notice or without renewal are public domain — likely for a commercial postcard of this type, but not yet demonstrable. Next action: identify the publisher from a back scan (relocate the eBay listing; check the Frasher Foto collection at Pomona Public Library) and run a notice/renewal check.",Unknown (scan from an eBay listing; publisher unidentified),Researched,False,Pomona Public Library Special Collections (Frasher Foto archive) · pomonalibrary.org
img_92af244203629094,El Rancho Motel and Guest Ranch on the Beaumont highway strip — Frasher Fotos postcard F-6330,1945,1946,Copyrighted,"Frasher Fotos (Burton Frasher Sr., Pomona) real photo postcard published c. 1946 — after 1930, so not yet public domain by term. Rights rule 6 names Frasher Foto: Copyrighted; the Frasher Foto collection is held by Pomona Public Library — contact them for licensing and ask whether negative F-6330 survives. Non-renewal of Frasher card copyrights is common but unverified here. Courtesy credit: Leslie A. Rios III Postcard Collection (scan source).","Frasher Fotos (Burton Frasher Sr., Pomona); Leslie A. Rios III Postcard Collection",Researched,False,Pomona Public Library Special Collections (Frasher Foto archive) · pomonalibrary.org
img_0ab722136d7bd1be,"Estrada Family Dinner Inside Their Section House, Beaumont",1945,1955,Permission required,"Permission required — unpublished Estrada family snapshot, photographer unknown (likely a family member), created after 1906 (family-collection rule 8). Contact the Estrada family (donor) through the Beaumont Library District before reproduction.",Estrada family collection (via Beaumont Library District),Researched,False,"Beaumont Library District, 125 E. 8th St, Beaumont CA 92223 · (951) 845-1357 · beaumontlibrary.org | Estrada family (collection donors) — via Beaumont Library District"
img_5a70b41831a92160,"Sixth Street (then U.S. Highway 99), from the 1946 Beaumont High School annual",1945,1946,Unclear,"Page from a school annual published in 1946 by Beaumont Union High School. Rule 6 (named private collection 'still in copyright') was not applied because copyright subsistence is exactly what is undetermined: a 1946 U.S. publication remains copyrighted only if published with notice and renewed in year 28 (~1974), and school annuals were very rarely renewed. No renewal was located, but the Stanford renewal database blocked automated queries and the volume's notice page has not been inspected, so per rule 10 this stays Unclear rather than asserted public domain. If copyright subsists it belongs to the successor of the Beaumont Union High School District (Beaumont Unified School District), not the collection owner; the page snapshot itself adds no new copyright (faithful reproduction of a 2-D work, Bridgeman v. Corel). Courtesy credit: Leslie A. Rios III collection. Next action: check the donated volume for a copyright notice and search Stanford Copyright Renewal Database — if absent, reclassify Public domain.",Leslie A. Rios III collection,Researched,False,
img_228a900cb9c1637b,Sixth Street (U.S. 60-99) with Greyhound bus and Beaumont Theatre — Frasher Fotos postcard F6331,1945,1946,Copyrighted,"Frasher Fotos (Burton Frasher Sr., Pomona) real photo postcard published c. 1946 — after 1930, so the 95-year public-domain rule does not apply. Rights rule 6 explicitly names Frasher Foto: Copyrighted; the Frasher Foto collection is held by Pomona Public Library — contact them for reproduction licensing and ask whether negative F6331 survives. Note: many Frasher card copyrights were never renewed (which would make them public domain), but non-renewal has not been verified for this card. Courtesy credit: Leslie A. Rios III Postcard Collection (scan source).","Frasher Fotos (Burton Frasher Sr., Pomona); Leslie A. Rios III Postcard Collection",Researched,False,Pomona Public Library Special Collections (Frasher Foto archive) · pomonalibrary.org
img_d5db437b82ea712d,"Sixth Street, Beaumont — real-photo postcard, c. 1950s (from eBay listing)",1945,1960,Unclear,"C. 1950s real-photo postcard, publisher unidentified; the digital file is a low-resolution capture from an eBay listing. Next action: have BLD identify the publisher from the card's back (via the eBay seller, or by acquiring the physical card); U.S. postcards published before 1964 without copyright renewal are typically public domain, but confirm before print use.",Postcard publisher unidentified (via eBay listing),Provenance verified,False,
img_2d0928cd5901f761,"The Fireside Inn restaurant, 785 E. Sixth Street (U.S. 99), Beaumont — color postcard",1945,1955,Permission required,"Commercial postcard published c. 1945-1955 — post-1930, so the 95-year rule does not apply. Publisher/photographer unidentified; collection owner known (rule 6): Permission required — contact Leslie A. Rios III (postcard collection) via Beaumont Library District. Note: most 1950s postcards lacked notice or renewal and are likely PD in fact, but that must be verified against the card's verso and Copyright Office renewal records before treating it as free.",Leslie A. Rios III postcard collection,Researched,False,"Beaumont Library District, 125 E. 8th St, Beaumont CA 92223 · (951) 845-1357 · beaumontlibrary.org"
img_3a78cd9990a52f8f,"Sunset Plaza Hotel, 6th Street and California Avenue",1946,1950,Unclear,"Calisphere/BLD rights statement: 'Copyright status unknown. Some materials in these collections may be protected by the U.S. Copyright Law (Title 17, U.S.C.)' plus possible gift/donor/privacy restrictions. Next action: request reproduction permission from the contributing institution (Beaumont Library District), which is standard practice for these collections.","Beaumont Library District Local History Collection, via Calisphere (CBEA_130)",Researched,False,"Beaumont Library District, 125 E. 8th St, Beaumont CA 92223 · (951) 845-1357 · beaumontlibrary.org"
img_19d3efd814020eed,"5th Street at Grace Street, looking west",1947,1952,Unclear,"Calisphere/BLD rights statement (quoted): ""Copyright status unknown. Some materials in these collections may be protected by the U.S. Copyright Law (Title 17, U.S.C.)..."" No rights holder is named. Next action: request reproduction permission from the Beaumont Library District, standard practice for these collections. Rule 2 does not apply: although this is a published postcard, it dates to c. 1949-50, after the pre-1931 publication cutoff.","Beaumont Library District Local History Collection, via Calisphere (CBEA_102)",Researched,False,"Beaumont Library District, 125 E. 8th St, Beaumont CA 92223 · (951) 845-1357 · beaumontlibrary.org"
img_37aa1bf5e6a5fe7d,Girl Scout Troop in the 1947 Cherry Festival Parade,1947,1947,Unclear,"Calisphere/BLD rights statement: ""Copyright status unknown. Some materials in these collections may be protected by the U.S. Copyright Law (Title 17, U.S.C.)."" Next action: request reproduction permission from the Beaumont Library District, standard practice for this collection.","Beaumont Library District Local History Collection, via Calisphere (CBEA_084)",Researched,False,"Beaumont Library District, 125 E. 8th St, Beaumont CA 92223 · (951) 845-1357 · beaumontlibrary.org"
img_c228028c8fdfc647,"Beaumont Union High School band with school banner, from the 1949 annual",1948,1949,Unclear,"Page from a school annual published in 1949 by Beaumont Union High School. Rule 6 (named private collection 'still in copyright') was not applied because copyright subsistence is undetermined: a 1949 U.S. publication remains copyrighted only if published with notice and renewed in year 28 (~1977), and school annuals were very rarely renewed. No renewal was located, but the Stanford renewal database blocked automated queries and the volume's notice page has not been inspected, so per rule 10 this stays Unclear rather than asserted public domain. If copyright subsists it belongs to the Beaumont Union High School District's successor (Beaumont Unified School District), not the collection owner; the page snapshot adds no new copyright (Bridgeman v. Corel). Courtesy credit: Leslie A. Rios III collection. Next action: check the donated volume for a copyright notice and search Stanford Copyright Renewal Database — if absent, reclassify Public domain.",Leslie A. Rios III collection,Researched,False,
img_fe6493dfb389b7f5,Francis Marion Dowling Jr. and Estella Dowling on a porch,1948,1958,Permission required,"Unpublished family snapshot taken after 1931, photographer unidentified (rule 6/8): permission required from the Dowling family — John Dowling is the natural contact — via Beaumont Library District.","Dowling family collection, Beaumont Library District",Researched,False,"Beaumont Library District, 125 E. 8th St, Beaumont CA 92223 · (951) 845-1357 · beaumontlibrary.org"
img_366a85910d2e675f,"Nancy's Motel Postcard, 1360 E. Sixth St. (eBay Listing Photo)",1948,1960,Unclear,"Two layers: the underlying c. 1950s postcard (publisher unidentified — a pre-1964 U.S. postcard whose copyright was not renewed would now be public domain, but this cannot be confirmed without seeing the card's back) and the 2024 eBay seller's listing photograph. Next action: have Beaumont Library District contact the eBay seller (or acquire the card) to identify the publisher from the reverse and confirm copyright status; do not print from the listing photo without resolving both layers.",Postcard publisher unidentified; image from an eBay listing (September 2024),Provenance verified,False,"Beaumont Library District, 125 E. 8th St, Beaumont CA 92223 · (951) 845-1357 · beaumontlibrary.org"
img_ada3474936428467,"Beaumont High School majorettes — Staton, Clark, Rundall, Dale, Silver, Bond, Isgro — from the 1950 annual",1949,1950,Unclear,"Page from a school annual published in 1950 by Beaumont Union High School. Rule 6 (named private collection 'still in copyright') was not applied because copyright subsistence is undetermined: a 1950 U.S. publication remains copyrighted only if published with notice and renewed in year 28 (~1978), and school annuals were very rarely renewed. No renewal was located, but the Stanford renewal database blocked automated queries and the volume's notice page has not been inspected, so per rule 10 this stays Unclear rather than asserted public domain. If copyright subsists it belongs to the Beaumont Union High School District's successor (Beaumont Unified School District), not the collection owner; the page snapshot adds no new copyright (Bridgeman v. Corel). Courtesy credit: Leslie A. Rios III collection. Next action: check the donated volume for a copyright notice and search Stanford Copyright Renewal Database — if absent, reclassify Public domain.",Leslie A. Rios III collection,Researched,False,
img_7d31166d85dd49bd,Beaumont High School typing class — 'Their Aim: Speed and Accuracy' — from the 1950 annual,1949,1950,Unclear,"Page from a school annual published in 1950 by Beaumont Union High School. Rule 6 (named private collection 'still in copyright') was not applied because copyright subsistence is undetermined: a 1950 U.S. publication remains copyrighted only if published with notice and renewed in year 28 (~1978), and school annuals were very rarely renewed. No renewal was located, but the Stanford renewal database blocked automated queries and the volume's notice page has not been inspected, so per rule 10 this stays Unclear rather than asserted public domain. If copyright subsists it belongs to the Beaumont Union High School District's successor (Beaumont Unified School District), not the collection owner; the page snapshot adds no new copyright (Bridgeman v. Corel). Courtesy credit: Leslie A. Rios III collection. Next action: check the donated volume for a copyright notice and search Stanford Copyright Renewal Database — if absent, reclassify Public domain.",Leslie A. Rios III collection,Researched,False,
img_da155fda02d882ee,"Guy Bogart (second from right) distributing bags of apples, Beaumont",1950,1957,Unclear,Rule 10 (pending rule 5): printed halftone from an unidentified post-1930 publication. Next action: locate the original clipping to identify the publisher; a named 1931+ newspaper would make it Copyrighted (publisher) per rule 5.,Unknown (halftone from an unidentified printed source),Researched,False,
img_a85c852bf4ca3f39,"Guy Bogart with cat at his desk, 545 Euclid Ave., Beaumont, c. 1955",1950,1957,Permission required,"Permission required — halftone from an unidentified 1950s publication, so rule 5 (named newspaper) cannot be applied; the print is held in the BLD working collection (rule 7), and SGPHS holds a closely related original whose Calisphere statement reads 'Copyrighted ... San Gorgonio Pass Historical Society — Consult owning institution for copyright holder contact information.' Next action: identify the publication; contact SGPHS/BLD.",Unidentified (halftone from an unidentified publication); related original held by SGPHS,Researched,False,"San Gorgonio Pass Historical Society (SGPHS), Banning CA · sgphs.org"
img_b3dcb09d831e2058,Laura May Stewart with rifle and saddle in her ranch collection room,1950,1974,Unclear,"Rule 10: the halftone screen proves prior publication, but the publication is unidentified — if it was a named newspaper (e.g. Record-Gazette) from 1931 or later, Rule 5 would make it the publisher's copyright; the photographer is unknown. Next action: find the source article in Record-Gazette archives / BLD clipping files; the Laura May Stewart Trust (now the Laura May Stewart Foundation) is the likely rights contact for Stewart-family material, being the named holder on BLD's Calisphere Stewart photographs.",Unknown,Researched,False,"Laura May Stewart Trust (contact via the Calisphere record's noted trustee, Marilyn Vonderheide, through Beaumont Library District) | Record-Gazette, Banning CA · recordgazette.net"
img_676c1d159bb01165,"City of Beaumont street map showing the Egan-era diagonal streets, c. 1950s",1951,1963,Unclear,"Mid-20th-century printed map (c. 1950s); the publication it appeared in is unidentified, so neither the pre-1931 public-domain rule nor a named publisher applies. Next action: identify the source publication via Beaumont Library District vertical files or the Record-Gazette (Banning); if it ran in a newspaper after 1930, treat as Copyrighted by that publisher and contact the Record-Gazette for reproduction rights.",Printed credit: 'Map furnished courtesy Don Stock—Realtor'; source publication unidentified,Researched,False,"Beaumont Library District, 125 E. 8th St, Beaumont CA 92223 · (951) 845-1357 · beaumontlibrary.org | Record-Gazette, Banning CA · recordgazette.net"
img_e91452d502f8cc96,"Sixth Street looking along U.S. 60-99, Beaumont — Bob's Cafe, Kelt's Sporting Goods, George's 5 & 10 (real photo postcard no. 111)",1951,1955,Unclear,"Commercial real photo postcard published c. early 1950s (post-1930, so not public domain by term) by an unidentified publisher — the scanned face carries only the series/negative number 111. Rule 10: Unclear. Next action: scan the card's verso (the stamp box and imprint normally identify the publisher, e.g., Frasher or Max Mahan), then re-apply rule 6 (named photographer → Copyrighted) or assess notice/renewal for possible public domain status.",Unknown,Researched,False,
img_dc9b98dd0bb1264f,"Dowling Fruit Orchard stand on Highway 60, c. 1950s-1960s",1952,1970,Permission required,"Unpublished mid-century photograph, photographer unknown, created after 1930 — not public domain (RIGHTS-RULES rule 8). Copyright presumptively with the photographer/Dowling family. Next action: contact the Dowling family via Beaumont Library District, and SGPHS (whose July 2020 Facebook post credits 'Flickr and the Downey Conservancy' for a vintage view) to locate the original print and rights holder.",Unknown (low-res web copy; SGPHS circulated a vintage view credited 'Flickr and the Downey Conservancy'),Researched,False,"Beaumont Library District, 125 E. 8th St, Beaumont CA 92223 · (951) 845-1357 · beaumontlibrary.org"
img_7a0159037504313e,"Beaumont Fire Department quarters at old City Hall, 500 Grace Avenue, with three fire trucks",1955,1969,Unclear,"Photographer unidentified; the screened appearance suggests reproduction from an unidentified printed publication. Next action: trace it in Record-Gazette microfilm (c. 1955-1969) and ask Beaumont Library District for provenance — if it is a Record-Gazette photo, rights belong to the paper (rule 5).",Unknown,Researched,False,"Beaumont Library District, 125 E. 8th St, Beaumont CA 92223 · (951) 845-1357 · beaumontlibrary.org | Record-Gazette, Banning CA · recordgazette.net"
img_ecbadf0d854de4dc,Beaumont Volunteer Fire Department group portrait with fire engine,1955,1965,Permission required,"Permission required — Beaumont Library District holds the print (rule 7: institutional physical collection, no copyright claim; unpublished 1950s-60s photograph, photographer unknown). Next action: request reproduction permission from BLD.",Beaumont Library District collection; photographer unknown,Researched,False,"Beaumont Library District, 125 E. 8th St, Beaumont CA 92223 · (951) 845-1357 · beaumontlibrary.org"
img_67656824cbb42ffc,Deodar cedars along Beaumont Avenue (color chrome postcard),1955,1970,Unclear,"Published c. 1955-1970, well after 1930, so no public-domain presumption from age; publisher and photographer unidentified and the card back unseen. Cards published 1955-1963 without notice/renewal would be public domain, and 1964-1977 cards without notice likewise, but neither can be demonstrated yet. Next action: identify the publisher and any copyright notice from a back scan (relocate the eBay listing or another copy of the card), then check the Stanford copyright renewal database.",Unknown (scan from an eBay listing; publisher unidentified),Researched,False,
img_57a9c9df6e55e692,Francis Dowling Sr. and Francis Dowling Jr. with Farm Bureau Member sign,1955,1972,Permission required,"Unpublished family photograph taken after 1931, photographer unidentified (rule 6/8): permission required from the Dowling family (John Dowling) or the donor, via Beaumont Library District.","Dowling family collection, Beaumont Library District",Researched,False,"Beaumont Library District, 125 E. 8th St, Beaumont CA 92223 · (951) 845-1357 · beaumontlibrary.org"
img_b0d82053666b74fe,"Guy Bogart at his home-office desk, 545 Euclid Ave., Beaumont, 1955",1955,1955,Permission required,"Permission required — unpublished 1955 photograph, photographer unidentified (RIGHTS-RULES rule 6); the same-sitting Calisphere frame carries a 'Copyrighted — consult owning institution' statement naming the San Gorgonio Pass Historical Society. Next action: request permission via SGPHS / Beaumont Library District.",Unknown photographer (SGPHS / Beaumont Library District collection),Researched,False,"Beaumont Library District, 125 E. 8th St, Beaumont CA 92223 · (951) 845-1357 · beaumontlibrary.org | San Gorgonio Pass Historical Society (SGPHS), Banning CA · sgphs.org"
img_37e600853baf16af,Pass City Grocery on Fifth Street beside the Bank of Beaumont building,1955,1962,Permission required,"Permission required — 1950s snapshot, photographer unknown; the scan came from a 2020 Facebook post by Rena Lillich Williams, the known holder of the image (rule 6). Next action: contact Rena Lillich Williams (via the Beaumont history Facebook group / BLD network) for permission and provenance.","Courtesy Rena Lillich Williams (Facebook post, March 7, 2020); photographer unknown",Researched,False,
img_a83e9024f8e65c3f,Sixth Street with roller rink sign and Leonard Real Estate — chrome postcard attributed to Max Mahan,1955,1960,Unclear,"Chrome postcard of c. 1955-1960, probably published by Max Mahan (per matching eBay listings), but the imprint is on the unscanned verso, so the publisher is not confirmed from the object itself. Rule 10: Unclear pending confirmation. Next action: scan the verso of the Rios copy; if the Mahan imprint is confirmed, rule 6 applies (Copyrighted — named publisher; trace Mahan's successors), unless the card proves to have been published without notice or renewal, which would place it in the public domain.",Leslie A. Rios III Postcard Collection; publisher probably Max Mahan,Researched,False,
img_add874f3a7967842,"Congregation leaving Sacred Heart Church, Beaumont barrio, c. 1956-1962",1956,1962,Permission required,"Post-1931 photograph from the named private collection of Leslie A. Rios III; photographer unidentified (RIGHTS-RULES rule 6 — collection owner known, photographer not). Contact Leslie A. Rios III for reproduction permission and any photographer information.",Leslie A. Rios III Collection,Researched,False,
img_22f62627c5d79f7e,"Sacred Heart Church (built 1956), Beaumont barrio — printed halftone reproduction",1956,1964,Unclear,"Halftone scan from an unidentified printed publication; underlying photograph c. 1956-1964, photographer unknown (RIGHTS-RULES rule 10; rule 5 would apply if a 1931+ newspaper is identified). Next action: identify the source publication — check Record-Gazette microfilm and clipping files at Beaumont Library and SGPHS newsletters — then contact that publisher for reproduction rights.",Unknown,Researched,False,"Record-Gazette, Banning CA · recordgazette.net"
img_9a697957b7ea88b0,"First Christian Church, 701 Egan Avenue, Beaumont, as Services Let Out, c. 1957-1961",1957,1961,Permission required,"Photograph of c. 1957-1961, photographer unidentified, held in the Beaumont Library District physical collection (Rule 7); as an anonymous unpublished work it remains in copyright. Next action: ask BLD whether a photographer/studio is recorded on the print (then Rule 6 applies) and request reproduction permission from BLD.",Photographer unknown (Beaumont Library District collection),Researched,False,"Beaumont Library District, 125 E. 8th St, Beaumont CA 92223 · (951) 845-1357 · beaumontlibrary.org"
img_f3ff85c652f90c21,Ramona and Frank Torres behind a café counter,1958,1970,Permission required,"Unpublished family snapshot (post-1931), photographer unidentified; copyright presumptively with the Torres/Vargas family (Rules 6/8). Next action: contact the Vargas family via SGPHS or Beaumont Library District for reproduction permission.",Torres/Vargas family (Ramona's Restaurant),Researched,False,"Beaumont Library District, 125 E. 8th St, Beaumont CA 92223 · (951) 845-1357 · beaumontlibrary.org"
img_ba7b9a02b3a0292c,Ramona and Frank Torres dancing at home,1958,1970,Permission required,"Unpublished family snapshot (post-1931), photographer unidentified; copyright presumptively with the Torres/Vargas family (Rules 6/8). Next action: contact the Vargas family via SGPHS or Beaumont Library District for permission and a clean scan of the print.",Torres/Vargas family (Ramona's Restaurant),Researched,False,"Beaumont Library District, 125 E. 8th St, Beaumont CA 92223 · (951) 845-1357 · beaumontlibrary.org"
img_4b219d837a3d6f6a,"Fire Chief Clarence 'Pappy' Lewis and fireman Ray Samson, Beaumont Fire Department",1960,1965,Unclear,"Photographer and printed source unidentified; the halftone screen suggests reproduction from a publication (rule 10). Next action: BLD/SGPHS to identify the source; if it is a Record-Gazette print (1931+), rule 5 applies — Copyrighted, contact the Record-Gazette, Banning, CA.",Unknown,Researched,False,"Record-Gazette, Banning CA · recordgazette.net"
img_6feb4c505e0a58be,"Joe's Cafe advertising matchbook, 1232 E. Sixth Street, Beaumont (front cover)",1960,1978,Unclear,"Modern unattributed snapshot of a matchbook found in the client folder — rule 9: Unclear; next action: BLD to confirm whether the photo is staff/volunteer work (then BLD-owned) and whose collection the matchbook is in. Practical note: the matchbook artwork itself is plain text (business name, address, phone number) with no copyrightable authorship — short phrases and typography are unprotectable — so the underlying object poses no real copyright obstacle to reproduction.",Unknown,Researched,False,
img_7dad1702b8b44459,"Stewart Sunny Slope Cemetery Entrance Gate Dedication, Memorial Day 1962",1962,1962,Permission required,"Unpublished 1962 photograph, photographer unidentified, held in a society/family album (Rules 7-8). Next action: contact SGPHS and the Stewart family — the Laura May Stewart Trust (Marilyn Vonderheide, Beaumont) is the named rights holder on parallel Stewart material at Calisphere — via Beaumont Library District; if it proves to be a Record-Gazette press photo, rights sit with the Record-Gazette (Banning).",Photographer unknown; print in a Stewart family / San Gorgonio Pass Historical Society album,Researched,False,"Beaumont Library District, 125 E. 8th St, Beaumont CA 92223 · (951) 845-1357 · beaumontlibrary.org | Laura May Stewart Trust (contact via the Calisphere record's noted trustee, Marilyn Vonderheide, through Beaumont Library District) | Record-Gazette, Banning CA · recordgazette.net"
img_6f617c49fb8ae29d,"City of Beaumont Fire Dept. GMC Pumper at a Grass Fire, c. 1963-1978",1963,1978,Unclear,"Rule 10: photographer unidentified; plausibly an official City of Beaumont FD photo — if made by city staff, rights would rest with the City of Beaumont. Next action: BLD to check donor records for the Feb. 10, 2009 scan batch (HP psc2400) and confirm whether the print is a department photo.",Photographer unknown — Beaumont Library District local-history project files,Researched,False,
img_6205c940ef544e0b,"Francis Marion Dowling Sr. and Iola (Stower) Dowling, color studio portrait",1965,1979,Permission required,"Unpublished family photograph, photographer unidentified, created well after 1906 (rule 8/6): permission required from the Dowling family (John Dowling) or the donor, via Beaumont Library District. If the portrait studio can be identified, copyright may rest with the photographer's successors.","Dowling family collection, Beaumont Library District",Researched,False,"Beaumont Library District, 125 E. 8th St, Beaumont CA 92223 · (951) 845-1357 · beaumontlibrary.org"
img_2ffb4cd6b691c887,"Ramona and Frank Torres at a banquet, c. 1970",1965,1975,Permission required,"Unpublished family snapshot (post-1931), photographer unidentified; copyright presumptively with the Torres/Vargas family (Rules 6/8). Next action: contact the Vargas family — honored by SGPHS at its June 12, 2025 reception — via SGPHS or Beaumont Library District for reproduction permission.",Torres/Vargas family (Ramona's Restaurant),Researched,False,"Beaumont Library District, 125 E. 8th St, Beaumont CA 92223 · (951) 845-1357 · beaumontlibrary.org"
img_cfb583d7492fe063,Beaumont District Library with rear addition,1966,1977,Unclear,Do not infer reuse rights from age; verify against the holding institution or rights statement.,Beaumont Library District collection; halftone from an unidentified printed publication,Researched,True,
img_d92bd24434ee74d1,"Beaumont Presbyterian Church in the Daily Record-Gazette, April 30, 1968",1968,1968,Copyrighted,"Copyrighted — 1968 issue of the Record-Gazette (Banning, CA); named newspaper clipping post-1931 (rule 5). Next action: contact the Record-Gazette for reproduction rights to the page and photograph.","The Daily Record-Gazette (Banning, CA)",Researched,False,"Record-Gazette, Banning CA · recordgazette.net"
img_c45feec31675704d,"Fire Chief Mickey Wright and fireman Hawley McCreary, Beaumont Fire Department (Record-Gazette, 1968)",1968,1968,Copyrighted,"Record-Gazette (Banning, CA) — newspaper photograph published 1968 (post-1931 named newspaper clipping, rights rule 5). Contact the Record-Gazette for reproduction rights.","Record-Gazette (Banning, CA)",Researched,False,"Record-Gazette, Banning CA · recordgazette.net"
img_06355ab9cdf953fb,"Stewart Sunnyslope Cemetery entrance — The Daily Record-Gazette, April 30, 1968",1968,1968,Copyrighted,"Published in The Daily Record-Gazette, April 30, 1968, with an explicit 'Record-Gazette Photo' staff credit — a 1931-or-later newspaper photograph, copyright with the publisher (Rule 5). Contact the Record-Gazette (Banning, CA) for reproduction rights.",The Daily Record-Gazette (Banning) — Record-Gazette photo,Researched,False,"Record-Gazette, Banning CA · recordgazette.net"
img_9160017c82292a64,"""Beaumont's New Fire Station"" — The Daily Record-Gazette, March 21, 1969 (page 3)",1969,1969,Copyrighted,"Copyrighted — The Daily Record-Gazette (Banning, CA), published March 21, 1969 (rule 5: named newspaper clipping 1931+). Contact the Record-Gazette, Banning, CA, for reproduction rights; renewal/notice status unverified.","The Daily Record-Gazette (Banning, CA)",Researched,False,"Record-Gazette, Banning CA · recordgazette.net"
img_c8cee9c9c1dee867,"Clearing land for Beaumont's new fire station, 650 Maple Ave. — Record-Gazette, March 21, 1969",1969,1969,Copyrighted,"Copyrighted — Record-Gazette (Banning, CA), newspaper page published March 21, 1969; post-1930 publication, 95-year term unexpired (RIGHTS-RULES rule 5). Next action: contact the Record-Gazette, Banning, for reproduction permission.",Record-Gazette (Banning),Researched,False,"Record-Gazette, Banning CA · recordgazette.net"
img_35a3c2b0b73a7892,"Architect's rendering of Summit School, Beaumont (Harry T. MacDonald & Associates), c. 1970-1974",1970,1974,Copyrighted,"Rule 6 (named creator, still in copyright): the artwork is credited on its face to Harry T. MacDonald & Associates, Architecture-Planning, confirmed as Summit School's architect at the May 1974 dedication. An unpublished commissioned rendering of c. 1970-74 remains in copyright; the snapshot of the framed 2-D artwork adds no new copyright (Bridgeman). Next action: ask Beaumont USD and the City of Beaumont (current owner of the former campus buildings) who holds the framed original, and seek the MacDonald firm's successor for reproduction permission.",Beaumont Library District historical photo collection; artwork by Harry T. MacDonald & Associates,Researched,False,
img_1098cac0279a0fdd,Christine and Gil Vargas Sr. as a young couple (vintage snapshot),1970,1985,Unclear,"Vintage family snapshot, photographer unidentified — likely Vargas family personal property. Next action: ask Beaumont Library District to confirm with the Vargas family (Ramona's Mexican Cafe) that they own the print and consent to reproduction before print use.",Vargas family collection (presumed); photographer unidentified,Provenance verified,False,"Beaumont Library District, 125 E. 8th St, Beaumont CA 92223 · (951) 845-1357 · beaumontlibrary.org"
img_5216d93c22702ca5,"Emeteria and Luis Estrada, 1970s",1970,1979,Permission required,"Permission required — unpublished Estrada family snapshot, photographer unknown (likely a family member), created in the 1970s (family-collection rule 8). Contact the Estrada family (donor) through the Beaumont Library District before reproduction.",Estrada family collection (via Beaumont Library District),Researched,False,"Beaumont Library District, 125 E. 8th St, Beaumont CA 92223 · (951) 845-1357 · beaumontlibrary.org | Estrada family (collection donors) — via Beaumont Library District"
img_67d561c6f67c1ba2,Newspaper Clipping: 'Volunteer's Funeral Was 1st Of Its Kind' (Scott Karnitz),1970,1990,Copyrighted,Copyrighted — unidentified newspaper (Banning dateline; possibly the Record-Gazette or another Riverside County paper). Identify the publication and contact the publisher for reuse permission before print use.,Unidentified newspaper (Banning dateline),Provenance verified,False,"Record-Gazette, Banning CA · recordgazette.net"
img_5e377e16d199a2eb,Beaumont Fire Station,1971,1971,Copyrighted,"Calisphere rights statement: 'Copyrighted — Transmission or reproduction of materials protected by copyright beyond that allowed by fair use requires the written permission of the copyright owners.' Named rights holder: City of Beaumont Fire Department, 550 E 6th Street, Beaumont, CA. Next action: obtain written permission from the City of Beaumont Fire Department before reproduction.","Beaumont Library District Local History Collection, via Calisphere (CBEA_186)",Researched,False,
img_bad44539e3bf4b42,"Miss Pritchett's kindergarten class, Wellwood School, Beaumont, 1971-72",1971,1972,Unclear,"Rule 10: a 1971-72 commercial school class portrait whose studio is unidentified. Pre-1978 prints distributed without a copyright notice entered the public domain — common for school portrait packages — but this cannot be confirmed from the scan. Next action: BLD to ask the donor and Beaumont USD which studio shot Wellwood's 1971-72 class packages and check a surviving print's verso/margin for a copyright notice; if none, reclassify Public domain.",Beaumont Library District historical photo collection; photographer (school portrait studio) unidentified,Researched,False,
img_dec6944cb7b040ba,The Beaumont Fire Station,1971,1971,Copyrighted,"Calisphere rights statement: 'Copyrighted — Transmission or reproduction of materials protected by copyright beyond that allowed by fair use requires the written permission of the copyright owners.' Named rights holder: City of Beaumont Fire Department, 550 E 6th Street, Beaumont, CA. Next action: obtain written permission from the City of Beaumont Fire Department before reproduction.","Beaumont Library District Local History Collection, via Calisphere (CBEA_187)",Researched,False,
img_b690890e951ac18c,"Beaumont Fire Department at the Maple Avenue Station, 1972",1972,1972,Unclear,"Rule 10: photographer unidentified; likely a department or newspaper group portrait — if a Record-Gazette photo, rule 5 would apply (Copyrighted, contact the Record-Gazette, Banning, CA). Next action: BLD to check donor records for the Feb. 10, 2009 scan batch and determine whether the print is a department or newspaper photo.",Photographer unknown — Beaumont Library District local-history project files,Researched,False,"Record-Gazette, Banning CA · recordgazette.net"
img_f03f7f375191edf6,"Beaumont Fire Department hose cart displayed at the fire station, 628 Maple Avenue",1973,1980,Unclear,"Rule 1 (Calisphere/BLD-matched, probable): Beaumont Library District Calisphere items typically carry 'copyright status unknown' boilerplate, but the probable item page (ark:/13030/c8h131c0) could not be fetched to capture its Rights Information verbatim (calisphere.org blocks automated access). Photographer unidentified. Next action: verify the item in an interactive browser session, capture the rights statement verbatim, and request reproduction permission from Beaumont Library District.","Beaumont Library District Local History Collection, via Calisphere",Researched,False,"Beaumont Library District, 125 E. 8th St, Beaumont CA 92223 · (951) 845-1357 · beaumontlibrary.org"
img_a0defa8112930d8b,"Beaumont Fire Department volunteers under Chief Richard Diebner (Record-Gazette, January 31, 1973)",1973,1973,Copyrighted,"Record-Gazette (Banning) staff photograph published January 31, 1973 — post-1930 newspaper content, presumed under copyright (rights rule 5). Next action: contact the Record-Gazette, Banning, CA, for reproduction permission.",Record-Gazette (Banning) staff photo,Researched,False,"Record-Gazette, Banning CA · recordgazette.net"
img_865e3dceea5cb7ba,"Beaumont FD Parade Engine 'Engine Co. No. 2' in the Cherry Festival Parade, late 1970s",1975,1979,Unclear,"Rule 10: unpublished late-1970s snapshot, photographer unknown — copyright subsists but no holder is identifiable; the digital file is a 2023 re-photograph of the print. Next action: BLD/SGPHS to identify the print's owner/donor and, if possible, the parade photographer.",Photographer unknown — Beaumont Library District local-history project files,Researched,False,
img_58bba051858fd716,"Scott DeForge and John McLaughlin, Beaumont Fire Department, 1976",1976,1976,Permission required,"Permission required — 1976 private snapshot, photographer unidentified; the collection working title indicates it came from Scott DeForge (also pictured), a named collection source in this campaign's rights rules (rule 6). Next action: contact Scott DeForge via Beaumont Library District / SGPHS for reproduction permission.","Scott DeForge collection, via Beaumont Library District",Researched,False,"Beaumont Library District, 125 E. 8th St, Beaumont CA 92223 · (951) 845-1357 · beaumontlibrary.org"
img_530924ee0ded82c6,"City of Beaumont Fire Department letter to Emma Estrada, May 26, 1977",1977,1977,Permission required,"Rule 8 (Estrada family collection, unpublished, created 1906+): display requires the family/donor's permission via BLD. The text itself is a routine 1977 City of Beaumont administrative record with minimal copyrightable expression, so the practical constraints are the family's control of the item and privacy — it names a private home address and documents an emergency rescue call there. Next action: obtain Estrada family/donor consent via BLD before public display.",Estrada family collection,Researched,False,Estrada family (collection donors) — via Beaumont Library District
img_dd956905449c7642,"Old Gas Station, Beaumont, California (John Margolies, 1977)",1977,1977,Public domain,"No known restrictions — Library of Congress rights advisory for the John Margolies Roadside America Photograph Archive: 'No known restrictions on publication.' Credit: John Margolies Roadside America photograph archive, Library of Congress, Prints and Photographs Division (LC-DIG-mrg-05228). Recommend replacing the low-resolution eBay .webp with the Library's free high-resolution digital file for any print use.",John Margolies / Library of Congress Prints and Photographs Division,Provenance verified,False,
img_b0c11e36c32bf11b,Carnegie library under the mansard roof,1978,2008,Unclear,Do not infer reuse rights from age; verify against the holding institution or rights statement.,Beaumont Library District working files (client-supplied color snapshot; photographer unknown),Researched,True,
img_a48b18e93521487b,"Record-Gazette front page: 'Council Votes To Contract Fire Services With CDF', November 28, 1978",1978,1978,Copyrighted,"Rule 5 (named newspaper clipping 1931+): Record-Gazette (Banning, CA), published November 28, 1978 — still within copyright term. Contact the Record-Gazette, Banning, CA, for reproduction rights; the digitized run at CDNC (UC Riverside) provides research access, not republication rights.","Record-Gazette (Banning, CA)",Researched,False,"Record-Gazette, Banning CA · recordgazette.net"
img_97db6b297170b04e,"Beaumont fire-safety demonstration with Engineer John McLaughlin, early 1980s",1980,1984,Unclear,"Rule 9 (modern unattributed photo from client folders): photographer unidentified. Next action: BLD to confirm whether this is staff/volunteer work (then BLD-owned) or identify the photographer — Scott DeForge, a named courtesy contributor to this collection and McLaughlin's documented colleague, is the natural first contact.",Unknown,Researched,False,
img_a08051acb6b37033,"Beaumont Volunteer Fire Department taco booth at the Cherry Festival, early 1980s",1980,1984,Unclear,"Rule 9 (modern unattributed photo from client folders): photographer unidentified — most likely a member's personal snapshot. Next action: BLD to confirm whether this is staff/volunteer work (then BLD-owned) or identify the photographer; Scott DeForge, a named contributor to this collection and a Beaumont firefighter of the era, is the natural first contact.",Unknown,Researched,False,
img_36bc04455099c9d7,"Francis Dowling Jr. and son John Dowling sorting cherries, Dowling Fruit Orchards, Beaumont",1980,1995,Unclear,"Photographer unidentified; modern private snapshot from the client folder (rule 9). Next action: BLD to contact the Dowling family (John and Shelly Dowling, Beaumont) to identify the photographer and obtain permission — likely a family photo they can authorize.",Photographer unknown (Dowling family context),Researched,False,
img_99913db9881316f3,"Luis Estrada trackworker statue, California State Railroad Museum — close-up (printed page)",1981,2005,Permission required,"Permission required — Estrada family (collection donor); contact the family via Beaumont Library District. Note: the page appears printed from a third-party document, so the underlying photograph may have an additional rights holder to clear.",Estrada family collection; original photographer unidentified,Provenance verified,False,"Beaumont Library District, 125 E. 8th St, Beaumont CA 92223 · (951) 845-1357 · beaumontlibrary.org | Estrada family (collection donors) — via Beaumont Library District"
img_a5619ddcb9e94fc3,"Beaumont from the air, 1982",1982,1982,Unclear,Do not infer reuse rights from age; verify against the holding institution or rights statement.,"Client-supplied print, scanned (photographer unknown); related BLD aerials on Calisphere (CBEA_150, CBEA_075)",Researched,False,
img_9c808818200e7a56,"Beaumont volunteer firefighters with trophy, late 1980s",1985,1989,Unclear,"Rule 9 (modern unattributed photo from client folders): photographer unidentified. Next action: BLD to confirm whether this is staff/volunteer work (then BLD-owned) or identify the photographer — Scott DeForge, a named contributor to this collection and a Beaumont firefighter of the era, could likely also name the men pictured.",Unknown,Researched,False,
img_11892e76e7df49d3,Group Portrait in Front of Ramona's Mexican Food Restaurant,1985,2000,Unclear,"Family snapshot, photographer unidentified. Next action: ask Beaumont Library District to confirm with the Vargas family of Ramona's Mexican Cafe who took the photograph and who appears in it, and obtain the family's permission before any print use.",Vargas family collection (photographer unknown),Provenance verified,False,"Beaumont Library District, 125 E. 8th St, Beaumont CA 92223 · (951) 845-1357 · beaumontlibrary.org"
img_d6de78f86c47985e,"McCoy House feature, Community Advisor 75th-anniversary edition (November 12, 1987)",1987,1987,Copyrighted,"Community Advisor (Beaumont-area weekly), issue of November 12, 1987 — published after 1930, so still in copyright; holder is the publisher or its successor. Rule 5 (named newspaper clipping 1931+). Next action: trace the Community Advisor's successor/rights holder via the Record-Gazette (Banning) or SGPHS before any reproduction.","Community Advisor (Beaumont-area weekly), November 12, 1987",Researched,False,"Record-Gazette, Banning CA · recordgazette.net"
img_9537c0e4968709f8,City of Beaumont aerial photo map of present and planned developments,1988,1988,Copyrighted,"Calisphere rights statement: 'Copyrighted — Transmission or reproduction of materials protected by copyright beyond that allowed by fair use requires the written permission of the copyright owners.' Named holder: City of Beaumont (510 E 6th Street, Beaumont, CA). A 1988 work, so no pre-1931 public-domain path; required action: obtain the City of Beaumont's written permission before reproduction (rule 1 — named rights holder).","Beaumont Library District Local History Collection, via Calisphere (CBEA_183)",Researched,True,
img_03056ebb373ddd81,"""Erected 1938-39"" cornerstone plaque, old Beaumont City Hall (500 Grace Ave.)",2000,2023,Unclear,Unclear — modern unattributed digital photo from the client folder (rule 9). Next action: BLD to confirm whether it is staff/volunteer work (then BLD-owned) or identify the photographer for permission.,Photographer unknown (modern record shot from the Beaumont Library District project folder),Researched,False,
img_1ace86d145209734,"Chancel of the Beaumont Presbyterian 'Rock Church,' 702 Euclid Ave. — modern interior view",2000,2023,Unclear,"Unclear — modern unattributed digital photograph in the BLD folder (RIGHTS-RULES rule 9); photographer unidentified, so ownership cannot be determined. Next action: BLD / Beaumont Presbyterian Church to identify the photographer and confirm whether it is church- or volunteer-owned, then obtain permission.",Unknown,Researched,False,
img_04328f685390128c,"Scott Karnitz memorial plaque, Beaumont fire station",2000,2020,Unclear,"Modern photograph, photographer unidentified. Next action: ask Beaumont Library District to confirm who took it — if BLD staff/volunteer work it is BLD-owned; otherwise obtain the photographer's permission before print use.",Photographer unidentified (Beaumont Library District collection),Provenance verified,False,"Beaumont Library District, 125 E. 8th St, Beaumont CA 92223 · (951) 845-1357 · beaumontlibrary.org"
img_8a20e0efb687510c,Scott Karnitz memorial tree and plaque at Beaumont fire station,2000,2020,Unclear,"Modern photograph, photographer unidentified. Next action: ask Beaumont Library District to confirm who took it — if BLD staff/volunteer work it is BLD-owned; otherwise obtain the photographer's permission before print use.",Photographer unidentified,Provenance verified,False,"Beaumont Library District, 125 E. 8th St, Beaumont CA 92223 · (951) 845-1357 · beaumontlibrary.org"
img_a6ec55f14a4d13dc,Francis Dowling Jr. moving cherry boxes at Dowling Fruit Orchard,2005,2016,Permission required,"Family photograph made well after 1931; photographer unidentified, so copyright presumptively sits with the photographer/Dowling family (RIGHTS-RULES rule 6). Next action: contact John and Shelly Dowling via Beaumont Library District for permission and photo details.","Dowling family (probable), via Beaumont Library District project collection",Researched,False,"Beaumont Library District, 125 E. 8th St, Beaumont CA 92223 · (951) 845-1357 · beaumontlibrary.org"
img_e5e3407036c3c2c5,"Aerial View of Beaumont, April 2010 (Annotated Scrapbook Page)",2010,2010,Unclear,"The aerial photographer and the scrapbook compiler are both unidentified. Next action: ask Beaumont Library District which scrapbook this scanned page (from the 'Steven's Scans' set) comes from, who compiled it, and who took the April 2010 aerial photograph; obtain permission from the photographer or the scrapbook's owner before print use.","Unknown (scrapbook page, photographer unidentified)",Provenance verified,False,"Beaumont Library District, 125 E. 8th St, Beaumont CA 92223 · (951) 845-1357 · beaumontlibrary.org"
img_fb90b64a110cd45f,"Beaumont from the air, 2010",2010,2010,Unclear,Do not infer reuse rights from age; verify against the holding institution or rights statement.,Client-supplied print/scan (photographer unknown),Researched,False,
img_3d84769134889400,Beaumont Presbyterian Church — River-Rock Facade Detail,2010,2025,Unclear,"Modern photograph, photographer unidentified. Next action: ask Beaumont Library District to confirm who took it — if BLD staff/volunteer work it is BLD-owned; otherwise obtain the photographer's permission before print use.",Photographer unidentified (Beaumont Library District collection),Provenance verified,False,"Beaumont Library District, 125 E. 8th St, Beaumont CA 92223 · (951) 845-1357 · beaumontlibrary.org"
img_b4e6ea6952262482,"Beaumont Presbyterian Church, 702 Euclid Ave.",2010,2025,Unclear,"Modern photograph, photographer unidentified, and the low-resolution PNG format suggests it was downloaded from a website. Next action: ask Beaumont Library District where the file came from and who took it — if pulled from a church or other website, obtain that source's permission (and identify the photographer) before print use; the image is also too low-resolution for mural printing as-is.",Unknown,Provenance verified,False,"Beaumont Library District, 125 E. 8th St, Beaumont CA 92223 · (951) 845-1357 · beaumontlibrary.org"
img_da743e866c6368cc,"Beaumont Presbyterian Church, 702 Euclid Avenue",2010,2025,Unclear,"Modern photograph, photographer unidentified. Next action: ask Beaumont Library District to confirm who took it — if BLD staff/volunteer work it is BLD-owned; otherwise obtain the photographer's permission before print use.",Unknown,Provenance verified,False,"Beaumont Library District, 125 E. 8th St, Beaumont CA 92223 · (951) 845-1357 · beaumontlibrary.org"
img_72b5acdf8b88fc6c,"Dowling Fruit Orchard interior produce displays, c. 2010s",2010,2021,Unclear,"Photographer unidentified; the 500x375 EXIF-less file suggests a save from a web listing (Yelp/Foursquare user photo) rather than an original capture (RIGHTS-RULES rule 9/10). Next action: reverse-image search Yelp/Foursquare user photos of Dowling Fruit Orchard to identify the poster, or BLD to confirm where it saved the file from.","Unknown (web-resolution copy, original poster unidentified)",Researched,False,
img_39722a07ed88a499,"Luis Estrada Trackworker Figure, 'On the Section' Exhibit, California State Railroad Museum (View C)",2010,2024,Permission required,Permission required — Estrada family (collection donor). Contact the Estrada family through the Beaumont Library District before reproduction.,Estrada family collection,Provenance verified,False,"Beaumont Library District, 125 E. 8th St, Beaumont CA 92223 · (951) 845-1357 · beaumontlibrary.org | Estrada family (collection donors) — via Beaumont Library District"
img_48e0a1029b9b35cf,"Luis Estrada trackworker statue, California State Railroad Museum, Sacramento (view A)",2010,2024,Permission required,Permission required — Estrada family (collection donor). Contact the Estrada family through Beaumont Library District for reproduction consent.,Estrada family collection,Provenance verified,False,"Beaumont Library District, 125 E. 8th St, Beaumont CA 92223 · (951) 845-1357 · beaumontlibrary.org | Estrada family (collection donors) — via Beaumont Library District"
img_e227a30890d191f3,"Pass Area Business Hub (first Bank of Beaumont site), Fifth Street and California Avenue",2010,2025,Unclear,"Modern photograph, photographer unidentified. Next action: ask Beaumont Library District to confirm who took it — if BLD staff/volunteer work it is BLD-owned; otherwise obtain the photographer's permission before print use.",Photographer unidentified (Beaumont Library District collection),Provenance verified,False,"Beaumont Library District, 125 E. 8th St, Beaumont CA 92223 · (951) 845-1357 · beaumontlibrary.org"
img_9acdf5b823073389,Track-Worker Exhibit Figure at the California State Railroad Museum,2010,2024,Permission required,Permission required — Estrada family (collection donor). Contact the Estrada family through the Beaumont Library District for permission to reproduce this family photograph.,Estrada family collection,Provenance verified,False,"Beaumont Library District, 125 E. 8th St, Beaumont CA 92223 · (951) 845-1357 · beaumontlibrary.org | Estrada family (collection donors) — via Beaumont Library District"
img_e3b0eb2e257855ca,"Centennial Gala Bartenders — Record-Gazette Clipping, November 23, 2012",2012,2012,Copyrighted,"Copyrighted — Record-Gazette (Banning, California). Contact the publisher for permission before reproducing this clipping or its photograph in print.","Record-Gazette (Banning, California)",Provenance verified,False,"Record-Gazette, Banning CA · recordgazette.net"
img_cc1a3e9d9b7f9b76,Record-Gazette Centennial Coverage: '1912' Play by Catch A Star Theatrical Players,2012,2012,Copyrighted,Copyrighted — Record-Gazette (Beaumont-Banning newspaper). Both the photograph and the printed caption belong to the publisher; contact the Record-Gazette for permission before reproducing in the mural.,"Record-Gazette, November 23, 2012",Provenance verified,False,"Record-Gazette, Banning CA · recordgazette.net"
img_78e4dd6ee33f5c18,Record-Gazette Clipping: Centennial Balloon Release at Beaumont Civic Center (2012),2012,2012,Copyrighted,"Copyrighted — Record-Gazette (Beaumont/Banning), publisher of the clipping; the underlying photograph is credited to Rodrigo Pena, City of Beaumont, so the City may hold rights in the photograph itself. Contact the Record-Gazette for reuse of the clipping, and the City of Beaumont regarding the photograph, before print use in the mural.","Record-Gazette; photo by Rodrigo Pena, City of Beaumont",Provenance verified,False,"Record-Gazette, Banning CA · recordgazette.net"
img_863f0fc9e94e4ebb,"Bank of Beaumont Facade Inscription — 'Founded 1909, Erected 1923'",2015,2025,Unclear,"Modern photograph, photographer unidentified. Next action: ask Beaumont Library District to confirm who took it — if BLD staff/volunteer work it is BLD-owned; otherwise obtain the photographer's permission before print use.",Photographer unknown (Beaumont Library District collection),Provenance verified,False,"Beaumont Library District, 125 E. 8th St, Beaumont CA 92223 · (951) 845-1357 · beaumontlibrary.org"
img_4eeb78c48b2bca4b,"Dowling Orchards Produce Store, Contemporary View",2015,2025,Unclear,"Modern photograph, photographer unidentified. Next action: ask Beaumont Library District to confirm who took it — if BLD staff/volunteer work it is BLD-owned; otherwise obtain the photographer's permission before print use.",Photographer unidentified (Beaumont Library District collection),Provenance verified,False,"Beaumont Library District, 125 E. 8th St, Beaumont CA 92223 · (951) 845-1357 · beaumontlibrary.org"
img_0fe6d3036afcd3d6,Egan Avenue Looking South to the Interstate 10 Dead End,2015,2025,Unclear,"Modern photograph, photographer unidentified. Next action: ask Beaumont Library District to confirm who took it — if BLD staff/volunteer work it is BLD-owned; otherwise obtain the photographer's permission before print use.",Photographer unidentified,Provenance verified,False,"Beaumont Library District, 125 E. 8th St, Beaumont CA 92223 · (951) 845-1357 · beaumontlibrary.org"
img_e9f375f1600bc4d0,Fifth Street looking west from the Fifth and Grace intersection,2015,2025,Unclear,"Modern photograph, photographer unidentified. Next action: ask Beaumont Library District to confirm who took it — if BLD staff/volunteer work it is BLD-owned; otherwise obtain the photographer's permission before print use.",Photographer unidentified,Provenance verified,False,"Beaumont Library District, 125 E. 8th St, Beaumont CA 92223 · (951) 845-1357 · beaumontlibrary.org"
img_37bbc779f837532c,Sean Balingit leading a Historical Society tour at the McCoy House,2015,2024,Copyrighted,"Copyrighted — Pat Murkland (photographer, per credit recorded in the original filename). Obtain Murkland's permission, via the San Gorgonio Pass Historical Society or Beaumont Library District, before print use.",Pat Murkland,Provenance verified,False,"Beaumont Library District, 125 E. 8th St, Beaumont CA 92223 · (951) 845-1357 · beaumontlibrary.org | San Gorgonio Pass Historical Society (SGPHS), Banning CA · sgphs.org | Pat Murkland (photographer) — contact via SGPHS/BLD"
img_7c01fc3dab547cc4,"First Christian Church, 701 Egan Ave., May 2017",2017,2017,Unclear,"Modern photograph, photographer unidentified. Next action: ask Beaumont Library District to confirm who took it — if BLD staff/volunteer work it is BLD-owned; otherwise obtain the photographer's permission before print use.",Photographer unidentified (Beaumont Library District collection),Provenance verified,False,"Beaumont Library District, 125 E. 8th St, Beaumont CA 92223 · (951) 845-1357 · beaumontlibrary.org"
img_9ae52f4064af37bc,"'Welcome to Ramona's' Interior Sign, Ramona's Mexican Cafe",2018,2025,Unclear,"Modern photograph, photographer unidentified. Next action: ask Beaumont Library District to confirm who took it — if BLD staff/volunteer work it is BLD-owned; otherwise obtain the photographer's permission before print use. The Vargas family (Ramona's) is the likely source and first contact.","Photographer unidentified (Beaumont Library District collection, Ramona's group)",Provenance verified,False,"Beaumont Library District, 125 E. 8th St, Beaumont CA 92223 · (951) 845-1357 · beaumontlibrary.org"
img_a04b2576fd8d515e,"'Welcome to Ramona's' sign, Ramona's Mexican Cafe",2018,2025,Unclear,"Modern photograph, photographer unidentified. Next action: ask Beaumont Library District to confirm who took it — if BLD staff/volunteer work it is BLD-owned; otherwise obtain the photographer's permission before print use.",Photographer unidentified,Provenance verified,False,"Beaumont Library District, 125 E. 8th St, Beaumont CA 92223 · (951) 845-1357 · beaumontlibrary.org"
img_e6fe5e33e99cc68f,"Bank of Beaumont Building Today, Fifth Street and California Avenue",2018,2025,Unclear,"Modern photograph, photographer unidentified. Next action: ask Beaumont Library District to confirm who took it — if BLD staff/volunteer work it is BLD-owned; otherwise obtain the photographer's permission before print use.",Photographer unidentified (Beaumont Library District collection),Provenance verified,False,"Beaumont Library District, 125 E. 8th St, Beaumont CA 92223 · (951) 845-1357 · beaumontlibrary.org"
img_4b3616cbe2898cea,Christine And Gil Vargas Sr C,2018,2025,Unclear,"Personal family photograph, photographer unidentified. Next action: ask Beaumont Library District to confirm with the Vargas family who took the original portrait and obtain the family's (and if needed the photographer's) permission before print use.",Unknown,Provenance verified,False,"Beaumont Library District, 125 E. 8th St, Beaumont CA 92223 · (951) 845-1357 · beaumontlibrary.org"
img_dec634939b47e13c,Christine and Gil Vargas Sr. at a Family Birthday Celebration,2018,2025,Unclear,"Modern photograph, photographer unidentified. Next action: ask Beaumont Library District to confirm who took it — if BLD staff/volunteer work it is BLD-owned; otherwise obtain the photographer's permission before print use. The home setting makes this almost certainly a Vargas family photo, so the family is the natural contact for both the photographer question and consent of the pictured couple.",Photographer unidentified (likely Vargas family),Provenance verified,False,"Beaumont Library District, 125 E. 8th St, Beaumont CA 92223 · (951) 845-1357 · beaumontlibrary.org"
img_38d2d7286d1a066a,Deodar Trees on Beaumont Avenue (Google Street View),2018,2025,Copyrighted,Copyrighted — Google LLC. Street View imagery may not be reproduced in a printed mural without Google's permission; recommend replacing with an original photograph of the site.,Google Street View (© Google LLC),Provenance verified,False,Google LLC — Geo Guidelines: about.google/brand-resource-center/products-and-services/geo-guidelines/
img_4085f2ec04e2579d,"Former Sacred Heart barrio church (St. John Christian Community Church), 2018",2018,2018,Unclear,"Modern photograph, photographer unidentified. Next action: ask Beaumont Library District to confirm who took it — if BLD staff/volunteer work it is BLD-owned; otherwise obtain the photographer's permission before print use.",Photographer unidentified (Beaumont Library District collection),Provenance verified,False,"Beaumont Library District, 125 E. 8th St, Beaumont CA 92223 · (951) 845-1357 · beaumontlibrary.org"
img_82595c1c9806db2a,"Former Sacred Heart barrio church building, 2018",2018,2018,Unclear,"Modern photograph, photographer unidentified. Next action: ask Beaumont Library District to confirm who took it — if BLD staff/volunteer work it is BLD-owned; otherwise obtain the photographer's permission before print use.",Photographer unidentified,Provenance verified,False,"Beaumont Library District, 125 E. 8th St, Beaumont CA 92223 · (951) 845-1357 · beaumontlibrary.org"
img_1c61ef08adc421b9,"Former Triangle Gas Station Building (Beaumont Cleaners), Present Day",2018,2025,Unclear,"Modern photograph, photographer unidentified. Next action: ask Beaumont Library District to confirm who took it — if BLD staff/volunteer work it is BLD-owned; otherwise obtain the photographer's permission before print use.",Photographer unidentified (Beaumont Library District collection),Provenance verified,False,"Beaumont Library District, 125 E. 8th St, Beaumont CA 92223 · (951) 845-1357 · beaumontlibrary.org"
img_87313621a59a7991,"Group Portrait Under the 'Welcome to Ramona's' Arch, Ramona's Mexican Cafe (View D)",2018,2025,Unclear,"Modern photograph, photographer unidentified. Next action: ask Beaumont Library District to confirm who took it — if BLD staff/volunteer work it is BLD-owned; otherwise obtain the photographer's permission before print use. The Vargas family (Ramona's) is the likely source and first contact.","Photographer unidentified (Beaumont Library District collection, Ramona's group)",Provenance verified,False,"Beaumont Library District, 125 E. 8th St, Beaumont CA 92223 · (951) 845-1357 · beaumontlibrary.org"
img_c822a8c6bb7c2f67,Luis Estrada Road Street Sign,2018,2021,Permission required,Permission required — Estrada family (collection donor). Contact the Estrada family through the Beaumont Library District before reproducing in print.,Estrada family collection,Provenance verified,False,"Beaumont Library District, 125 E. 8th St, Beaumont CA 92223 · (951) 845-1357 · beaumontlibrary.org | Estrada family (collection donors) — via Beaumont Library District"
img_6ddebbe0de2a589d,Luis Estrada Road Street Sign at Veile Avenue,2018,2021,Unclear,"Modern photograph, photographer unidentified. Next action: ask Beaumont Library District to confirm who took it — if BLD staff/volunteer work it is BLD-owned; otherwise obtain the photographer's permission before print use.",Photographer unidentified (Beaumont Library District collection),Provenance verified,False,"Beaumont Library District, 125 E. 8th St, Beaumont CA 92223 · (951) 845-1357 · beaumontlibrary.org"
img_3c18a28de48c53d4,Luis Estrada Road street sign at Veile Avenue,2018,2021,Permission required,Permission required — Estrada family (collection donor). Contact the Estrada family via the Beaumont Library District before reproducing in print.,Estrada family collection,Provenance verified,False,"Beaumont Library District, 125 E. 8th St, Beaumont CA 92223 · (951) 845-1357 · beaumontlibrary.org | Estrada family (collection donors) — via Beaumont Library District"
img_99255ef1fe8299f3,Margarita on the Tiled Bar at Ramona's Mexican Cafe,2018,2025,Unclear,"Modern photograph, photographer unidentified. Next action: ask Beaumont Library District to confirm who took it — if BLD staff/volunteer work it is BLD-owned; otherwise obtain the photographer's permission before print use. The styled, promotional look suggests it may originate from the restaurant or its social media, in which case the Vargas family's permission should be sought.",Photographer unidentified,Provenance verified,False,"Beaumont Library District, 125 E. 8th St, Beaumont CA 92223 · (951) 845-1357 · beaumontlibrary.org"
img_61eb33f53f56982d,"McCoy House, 665 Edgar Avenue (Google Street View screenshot, March 2018 imagery)",2018,2018,Copyrighted,Copyrighted — Google LLC. Street View imagery may not be reproduced in a printed mural without Google's permission; recommend replacing with an original photograph of the site.,Google Street View — © Google,Provenance verified,False,Google LLC — Geo Guidelines: about.google/brand-resource-center/products-and-services/geo-guidelines/
img_8da5c565955aa314,Nachos at Ramona's Mexican Cafe,2018,2025,Unclear,"Modern photograph, photographer unidentified. Next action: ask Beaumont Library District to confirm who took it — if BLD staff/volunteer work it is BLD-owned; otherwise obtain the photographer's permission before print use.",Photographer unidentified (Beaumont Library District collection),Provenance verified,False,"Beaumont Library District, 125 E. 8th St, Beaumont CA 92223 · (951) 845-1357 · beaumontlibrary.org"
img_3f4c4ca617098fd8,Ramona's Mexican Cafe (view A — preview unverified),2018,2025,Unclear,"Modern photograph, photographer unidentified, and the image content itself is unverified (preview renders as a blank texture). Next action: re-convert the .heic master to confirm what the photo shows, then ask Beaumont Library District to confirm who took it — if BLD staff/volunteer work it is BLD-owned; otherwise obtain the photographer's permission before print use.",Unknown,Provenance verified,False,"Beaumont Library District, 125 E. 8th St, Beaumont CA 92223 · (951) 845-1357 · beaumontlibrary.org"
img_040513e8698b345f,Ramona's Mexican Cafe Interior — Staff Beneath the Welcome Arch,2018,2025,Unclear,"Modern photograph, photographer unidentified. Next action: ask Beaumont Library District to confirm who took it — if BLD staff/volunteer work it is BLD-owned; otherwise obtain the photographer's permission before print use. Likely supplied by the Vargas family, who operate Ramona's — they are the natural first contact.",Photographer unidentified (Beaumont Library District collection),Provenance verified,False,"Beaumont Library District, 125 E. 8th St, Beaumont CA 92223 · (951) 845-1357 · beaumontlibrary.org"
img_8ee30e567a4b5e66,"Ramona's Mexican Cafe, Clinker-Brick Facade",2018,2025,Unclear,"Modern photograph, photographer unidentified. Next action: ask Beaumont Library District to confirm who took it — if BLD staff/volunteer work it is BLD-owned; otherwise obtain the photographer's permission before print use.",Photographer unidentified (Beaumont Library District collection),Provenance verified,False,"Beaumont Library District, 125 E. 8th St, Beaumont CA 92223 · (951) 845-1357 · beaumontlibrary.org"
img_d36ca3005fd7406a,"Ramona's Mexican Restaurant Roof Sign, Exterior View",2018,2025,Unclear,"Modern photograph, photographer unidentified. Next action: ask Beaumont Library District to confirm who took it — if BLD staff/volunteer work it is BLD-owned; otherwise obtain the photographer's permission before print use. The Vargas family (Ramona's) is the likely source and first contact.","Photographer unidentified (Beaumont Library District collection, Ramona's group)",Provenance verified,False,"Beaumont Library District, 125 E. 8th St, Beaumont CA 92223 · (951) 845-1357 · beaumontlibrary.org"
img_2a8133ae8e586364,"Sacred Heart Barrio Church, 2018 (view C)",2018,2018,Unclear,"Modern photograph, photographer unidentified. Next action: ask Beaumont Library District to confirm who took it — if BLD staff/volunteer work it is BLD-owned; otherwise obtain the photographer's permission before print use.",Photographer unidentified (Beaumont Library District collection),Provenance verified,False,"Beaumont Library District, 125 E. 8th St, Beaumont CA 92223 · (951) 845-1357 · beaumontlibrary.org"
img_00cfeb70e204b1b8,Sombrero-Shaped Topiary at Ramona's Mexican Cafe,2018,2025,Unclear,"Modern photograph, photographer unidentified. Next action: ask Beaumont Library District to confirm who took it — if BLD staff/volunteer work it is BLD-owned; otherwise obtain the photographer's permission before print use.",Photographer unidentified (Beaumont Library District collection),Provenance verified,False,"Beaumont Library District, 125 E. 8th St, Beaumont CA 92223 · (951) 845-1357 · beaumontlibrary.org"
img_8aa40ef6d2dbc201,WCTU Fountain in Triangle Park (plaque view),2018,2025,Unclear,"Modern photograph, photographer unidentified. Next action: ask Beaumont Library District to confirm who took it — if BLD staff/volunteer work it is BLD-owned; otherwise obtain the photographer's permission before print use.",Photographer unidentified (Beaumont Library District collection),Provenance verified,False,"Beaumont Library District, 125 E. 8th St, Beaumont CA 92223 · (951) 845-1357 · beaumontlibrary.org"
img_3c8f15b64eec6c9e,WCTU Fountain in Triangle Park (wide view),2018,2025,Unclear,"Modern photograph, photographer unidentified. Next action: ask Beaumont Library District to confirm who took it — if BLD staff/volunteer work it is BLD-owned; otherwise obtain the photographer's permission before print use.",Unknown,Provenance verified,False,"Beaumont Library District, 125 E. 8th St, Beaumont CA 92223 · (951) 845-1357 · beaumontlibrary.org"
img_40d6c2b8e19fd527,"WCTU Fountain Inscription 'W.C.T.U. Dec. 25, 1910', Triangle Park",2018,2025,Unclear,"Modern photograph, photographer unidentified. Next action: ask Beaumont Library District to confirm who took it — if BLD staff/volunteer work it is BLD-owned; otherwise obtain the photographer's permission before print use.",Photographer unidentified,Provenance verified,False,"Beaumont Library District, 125 E. 8th St, Beaumont CA 92223 · (951) 845-1357 · beaumontlibrary.org"
img_a999fd2c808b66bb,WCTU Fountain Masonry Detail,2018,2025,Unclear,"Modern photograph, photographer unidentified. Next action: ask Beaumont Library District to confirm who took it — if BLD staff/volunteer work it is BLD-owned; otherwise obtain the photographer's permission before print use.",Photographer unidentified (Beaumont Library District collection),Provenance verified,False,"Beaumont Library District, 125 E. 8th St, Beaumont CA 92223 · (951) 845-1357 · beaumontlibrary.org"
img_284993317d64a5e4,"WCTU Fountain, Triangle Park — Plaque View",2018,2025,Unclear,"Modern photograph, photographer unidentified. Next action: ask Beaumont Library District to confirm who took it — if BLD staff/volunteer work it is BLD-owned; otherwise obtain the photographer's permission before print use.",Photographer unidentified (Beaumont Library District collection),Provenance verified,False,"Beaumont Library District, 125 E. 8th St, Beaumont CA 92223 · (951) 845-1357 · beaumontlibrary.org"
img_591fdce9e557db2e,"WCTU Fountain, Triangle Park — Street-Side View",2018,2025,Unclear,"Modern photograph, photographer unidentified. Next action: ask Beaumont Library District to confirm who took it — if BLD staff/volunteer work it is BLD-owned; otherwise obtain the photographer's permission before print use.",Photographer unidentified (Beaumont Library District collection),Provenance verified,False,"Beaumont Library District, 125 E. 8th St, Beaumont CA 92223 · (951) 845-1357 · beaumontlibrary.org"
img_661c04fefa693750,"Eyer House, 2019",2019,2019,Unclear,"Modern photograph, photographer unidentified. Next action: ask Beaumont Library District to confirm who took it — if BLD staff/volunteer work it is BLD-owned; otherwise obtain the photographer's permission before print use.",Unknown,Provenance verified,False,"Beaumont Library District, 125 E. 8th St, Beaumont CA 92223 · (951) 845-1357 · beaumontlibrary.org"
img_6ddd05571b501d15,"Sixth Street north side between Egan and California avenues (Google Street View, 2019)",2019,2019,Copyrighted,Copyrighted — Google LLC. Street View imagery may not be reproduced in a printed mural without Google's permission; recommend replacing with an original photograph of the site.,Google Street View — © Google,Provenance verified,False,Google LLC — Geo Guidelines: about.google/brand-resource-center/products-and-services/geo-guidelines/
img_0f63f186060123e4,Beaumont Fire Department Engineer's Badge (2020 photo),2020,2020,Unclear,"Rule 9 (modern unattributed photo from client folders): photographer unidentified iPhone 7 photo, Nov. 26, 2020 (EXIF). Next action: BLD to confirm whether this was staff/volunteer work (then BLD-owned) or obtain the photographer's permission.",Photographer unknown — Beaumont Library District local-history project files,Researched,False,
img_5b02c2385f9cb46d,Beaumont Fire Department Member's License-Plate Topper (2020 photo),2020,2020,Unclear,"Rule 9 (modern unattributed photo from client folders): photographer unidentified iPhone 7 photo, Nov. 24, 2020 (EXIF). Next action: BLD to confirm whether this was staff/volunteer work (then BLD-owned) or obtain the photographer's permission.",Photographer unknown — Beaumont Library District local-history project files,Researched,False,
img_e4260d9b7f031559,"Beaumont Woman's Club community center (Google Street View), 2020",2020,2020,Copyrighted,Copyrighted — Google LLC. Street View imagery may not be reproduced in a printed mural without Google's permission; recommend replacing with an original photograph of the site.,Google Street View — © Google,Provenance verified,False,Google LLC — Geo Guidelines: about.google/brand-resource-center/products-and-services/geo-guidelines/
img_0092d056a315fe98,"Bogart House, February 2020",2020,2020,Unclear,"Modern photograph, photographer unidentified. Next action: ask Beaumont Library District to confirm who took it — if BLD staff/volunteer work it is BLD-owned; otherwise obtain the photographer's permission before print use.",Photographer unidentified (Beaumont Library District collection),Provenance verified,False,"Beaumont Library District, 125 E. 8th St, Beaumont CA 92223 · (951) 845-1357 · beaumontlibrary.org"
img_56f78e949de648f8,Stewart Sunny Slope Cemetery Entrance Gate,2020,2020,Unclear,"Modern photograph, photographer unidentified. Next action: ask Beaumont Library District to confirm who took it — if BLD staff/volunteer work it is BLD-owned; otherwise obtain the photographer's permission before print use.",Photographer unidentified (Beaumont Library District collection),Provenance verified,False,"Beaumont Library District, 125 E. 8th St, Beaumont CA 92223 · (951) 845-1357 · beaumontlibrary.org"
img_64fee8a381ae5df5,Stewart Sunnyslope Cemetery entrance (Google Street View),2020,2020,Copyrighted,Copyrighted — Google LLC. Street View imagery may not be reproduced in a printed mural without Google's permission; recommend replacing with an original photograph of the site.,Google Street View — © Google,Provenance verified,False,Google LLC — Geo Guidelines: about.google/brand-resource-center/products-and-services/geo-guidelines/
img_eebd80e2b2180cca,"'Sweet Red Pomegrantes' banner at Dowling Fruit Orchard, November 2021",2021,2021,Unclear,Modern unattributed digital photo from the client folder (RIGHTS-RULES rule 9). Photographer unidentified — same iPhone 7 as the other November 2021 documentation shots. Next action: BLD to confirm whether staff/volunteer work (then BLD-owned) or obtain the photographer's permission.,Photographer unidentified (Beaumont Library District project collection),Researched,False,
img_1ac667107bd74996,Beaumont Fire Department Uniforms on Exhibit (2021 photo),2021,2021,Unclear,"Rule 9 (modern unattributed photo from client folders): photographer unidentified iPhone 7 photo, Mar. 27, 2021 (EXIF). Next action: BLD to confirm whether this was staff/volunteer work (then BLD-owned) or obtain the photographer's permission.",Photographer unknown — Beaumont Library District local-history project files,Researched,False,
img_2eee4fa95a275d4d,"Dowling Fruit Orchard storefront with seasonal banners, November 2021",2021,2021,Unclear,Modern unattributed digital photo from the client folder (RIGHTS-RULES rule 9). Photographer unidentified — same iPhone 7 as the other November 2021 shots. Next action: BLD to confirm whether staff/volunteer work (then BLD-owned) or obtain the photographer's permission.,Photographer unidentified (Beaumont Library District project collection),Researched,False,
img_95da879f3752095a,Estrada family at the Luis Estrada Road street sign,2021,2021,Permission required,Permission required — Estrada family (collection donor). Contact the Estrada family via Beaumont Library District before reproducing this photograph in the mural.,Estrada family collection,Provenance verified,False,"Beaumont Library District, 125 E. 8th St, Beaumont CA 92223 · (951) 845-1357 · beaumontlibrary.org | Estrada family (collection donors) — via Beaumont Library District"
img_1ad76840ab48ba0e,"John Dowling in the packing barn, Dowling Fruit Orchard, November 2021",2021,2021,Unclear,"Modern unattributed digital photo from the client folder (RIGHTS-RULES rule 9). Photographer unidentified — iPhone 7, Nov 19, 2021. Next action: BLD to confirm whether a staff member, volunteer, or SGPHS member took the November 2021 documentation photos (then BLD-owned or easily licensed) or obtain the photographer's permission.",Photographer unidentified (Beaumont Library District project collection),Researched,False,
img_acf4949ced58906e,"First Christian Church, 701 Egan Avenue (May 2022)",2022,2022,Unclear,"Modern photograph, photographer unidentified. Next action: ask Beaumont Library District to confirm who took it — if BLD staff/volunteer work it is BLD-owned; otherwise obtain the photographer's permission before print use.",Photographer unidentified (Beaumont Library District collection),Provenance verified,False,"Beaumont Library District, 125 E. 8th St, Beaumont CA 92223 · (951) 845-1357 · beaumontlibrary.org"
img_7dbe92a607028a11,"Triangle Park at Egan Avenue (Google Street View capture, 2022)",2022,2022,Copyrighted,Copyrighted — Google LLC. Street View imagery may not be reproduced in a printed mural without Google's permission; recommend replacing with an original photograph of the site.,Google Street View — © Google,Provenance verified,False,Google LLC — Geo Guidelines: about.google/brand-resource-center/products-and-services/geo-guidelines/
img_6345c804830d0a07,"Hotel Beaumont Site (600 Beaumont Ave), Google Street View",2023,2023,Copyrighted,Copyrighted — Google LLC. Street View imagery may not be reproduced in a printed mural without Google's permission; recommend replacing with an original photograph of the site.,"Google Street View, © Google",Provenance verified,False,Google LLC — Geo Guidelines: about.google/brand-resource-center/products-and-services/geo-guidelines/
img_23a4b70023473f20,Tracy Caldwell Dyson,2023,2023,Public domain,"U.S. federal government work (17 U.S.C. § 105) — NASA photographs are not subject to copyright. Credit the photographer and center: Robert Markowitz, NASA Johnson Space Center.",Robert Markowitz / NASA Johnson Space Center,Provenance verified,False,NASA (public domain; credit required by convention)
img_31a2aed058e380fd,Former Summit School,2024,2024,Unclear,"Modern photograph, photographer unidentified. Next action: ask Beaumont Library District to confirm who took it — if BLD staff/volunteer work it is BLD-owned; otherwise obtain the photographer's permission before print use.",Unknown,Provenance verified,False,"Beaumont Library District, 125 E. 8th St, Beaumont CA 92223 · (951) 845-1357 · beaumontlibrary.org"
img_21b5c2878b287c35,Gil Vargas Sr. and Christine Vargas at the Cherry Festival Parade,2025,2025,Unclear,"Modern photograph, photographer unidentified. Next action: ask Beaumont Library District to confirm who took it — if BLD staff/volunteer work it is BLD-owned; otherwise obtain the photographer's permission before print use.",Photographer unidentified,Provenance verified,False,"Beaumont Library District, 125 E. 8th St, Beaumont CA 92223 · (951) 845-1357 · beaumontlibrary.org"
img_816fb6e3233bbf73,"Sunset Plaza Hotel Building, April 2025",2025,2025,Unclear,"Modern photograph, photographer unidentified. Next action: ask Beaumont Library District to confirm who took it — if BLD staff/volunteer work it is BLD-owned; otherwise obtain the photographer's permission before print use.",Photographer unidentified,Provenance verified,False,"Beaumont Library District, 125 E. 8th St, Beaumont CA 92223 · (951) 845-1357 · beaumontlibrary.org"
img_cb8fe08683e0e832,"Vargas family of Ramona's Mexican Cafe on the Historical Society float, Cherry Festival parade, 2025",2025,2025,Unclear,"Modern photograph, photographer unidentified. Next action: ask Beaumont Library District to confirm who took it — if BLD staff/volunteer work it is BLD-owned; otherwise obtain the photographer's permission before print use.",Photographer unidentified,Provenance verified,False,"Beaumont Library District, 125 E. 8th St, Beaumont CA 92223 · (951) 845-1357 · beaumontlibrary.org"
img_5bcc7a2a42f3de62,"Vargas Family of Ramona's Mexican Cafe on the SGPHS Float, Cherry Festival Parade, May 31, 2025",2025,2025,Unclear,"Modern photograph, photographer unidentified. Next action: ask Beaumont Library District to confirm who took it — if BLD staff/volunteer work it is BLD-owned; otherwise obtain the photographer's permission before print use. Likely taken by a Vargas family member or an SGPHS volunteer at the parade — both are natural first contacts.",Photographer unidentified (Beaumont Library District collection),Provenance verified,False,"Beaumont Library District, 125 E. 8th St, Beaumont CA 92223 · (951) 845-1357 · beaumontlibrary.org"
