file_id,path,filename,source_key,source_priority,curated,sha256,size_bytes,format,width,height,thumbnail,preview
file_8bd56950f54193ed,C:\GitHub\httpssgphs.org\images\timeline\beaumont-depot-1909.png,beaumont-depot-1909.png,sgphs-timeline,80,False,7d5ca95f93875511cd7f984d686c3e9445ff0ae3ebb8eeaed48a3c2d410c693e,357982,PNG,729,461,assets/thumbs/file_8bd56950f54193ed.jpg,assets/previews/file_8bd56950f54193ed.jpg
file_d89d04468f534a36,C:\GitHub\httpssgphs.org\images\timeline\beaumont-fire-dept-1971.png,beaumont-fire-dept-1971.png,sgphs-timeline,80,False,99513d3e3cd01fb108eb62b333d03e8ce1798697cec8615b8afc7bc768f7b0e6,1352840,PNG,1594,1050,assets/thumbs/file_d89d04468f534a36.jpg,assets/previews/file_d89d04468f534a36.jpg
file_aeecc98513e487fb,C:\GitHub\httpssgphs.org\images\timeline\beaumont-high-school-1930.jpg,beaumont-high-school-1930.jpg,sgphs-timeline,80,False,19579b8aaa1a387f68c257f71d9cd6a40fcc1e274f78790510e86be27aa15ae5,181989,JPEG,937,621,assets/thumbs/file_aeecc98513e487fb.jpg,assets/previews/file_aeecc98513e487fb.jpg
file_90d681e94af5251c,C:\GitHub\httpssgphs.org\images\timeline\beaumont-high-school-1942.jpg,beaumont-high-school-1942.jpg,sgphs-timeline,80,False,098367b1d027abff2b9007457f48db1781b0e80548c7d4f8b4c0c8a164168087,2642642,JPEG,4032,3024,assets/thumbs/file_90d681e94af5251c.jpg,assets/previews/file_90d681e94af5251c.jpg
file_2e767759fde926ac,C:\GitHub\httpssgphs.org\images\timeline\beaumont-hotel-c1890.jpg,beaumont-hotel-c1890.jpg,sgphs-timeline,80,False,df296ea855f8f5fd14ca82d4ce65dac079003333d74614876a553f5d96df9da0,575640,JPEG,1024,805,assets/thumbs/file_2e767759fde926ac.jpg,assets/previews/file_2e767759fde926ac.jpg
file_9482dc8ee01375bf,C:\GitHub\httpssgphs.org\images\timeline\centennial-2012.jpg,centennial-2012.jpg,sgphs-timeline,80,False,19a1bf88a404843676a12a459da8ededc95f2ac8329cf9c622d94e88807793c7,541372,JPEG,1762,1570,assets/thumbs/file_9482dc8ee01375bf.jpg,assets/previews/file_9482dc8ee01375bf.jpg
file_9c627864db92ffd5,C:\GitHub\httpssgphs.org\images\timeline\cherry-festival-queen-1919.jpg,cherry-festival-queen-1919.jpg,sgphs-timeline,80,False,e57e73ec33db743264e6b3bd1ca7b07a3a735a5251f5db700dfc799e191406a0,2514913,JPEG,4032,2661,assets/thumbs/file_9c627864db92ffd5.jpg,assets/previews/file_9c627864db92ffd5.jpg
file_83dd3466728e72a4,C:\GitHub\httpssgphs.org\images\timeline\cherry-parade-1947.jpg,cherry-parade-1947.jpg,sgphs-timeline,80,False,e5735005aca1de36eb9d49fe8eb047a54776a2048f41ad7174abb724d02beb29,74735,JPEG,500,393,assets/thumbs/file_83dd3466728e72a4.jpg,assets/previews/file_83dd3466728e72a4.jpg
file_6edb716353a85e0b,C:\GitHub\httpssgphs.org\images\timeline\cherry-valley-naval-hospital-1943.jpg,cherry-valley-naval-hospital-1943.jpg,sgphs-timeline,80,False,c51bd72a1d0d64394b5cfa4549360e460daa7d1085100f6e75952660b2fa3c94,62902,JPEG,1024,571,assets/thumbs/file_6edb716353a85e0b.jpg,assets/previews/file_6edb716353a85e0b.jpg
file_a3b7541820c1cdd0,C:\GitHub\httpssgphs.org\images\timeline\depot-workers-1940s.jpg,depot-workers-1940s.jpg,sgphs-timeline,80,False,16f90b03e20c7ee145f35588cf9ed9aa7e5466565291e92f33c8b43c0aea6a66,1397149,JPEG,3417,2196,assets/thumbs/file_a3b7541820c1cdd0.jpg,assets/previews/file_a3b7541820c1cdd0.jpg
file_b2efc4b2e87ff530,C:\GitHub\httpssgphs.org\images\timeline\desert-sun-1939.jpg,desert-sun-1939.jpg,sgphs-timeline,80,False,0d92e3f989a3ac52f54fae28ae139b7c64559a2f902365cd6ecf32640918b600,139419,JPEG,699,393,assets/thumbs/file_b2efc4b2e87ff530.jpg,assets/previews/file_b2efc4b2e87ff530.jpg
file_70127c4bb43d1fb5,C:\GitHub\httpssgphs.org\images\timeline\edgar-canyon-well-1908.jpg,edgar-canyon-well-1908.jpg,sgphs-timeline,80,False,667e5531c4139eee8cdba37f62dc9a2fb215045f8731638dd6bfc2b29017548c,71296,JPEG,500,389,assets/thumbs/file_70127c4bb43d1fb5.jpg,assets/previews/file_70127c4bb43d1fb5.jpg
file_ba7bc8aa7a702431,C:\GitHub\httpssgphs.org\images\timeline\egan-avenue-1907.jpg,egan-avenue-1907.jpg,sgphs-timeline,80,False,99ccf772fbda39d2dcad415a68ce1f2e1655c591c5ce55b7fc1d3cf35d09359a,127260,JPEG,960,752,assets/thumbs/file_ba7bc8aa7a702431.jpg,assets/previews/file_ba7bc8aa7a702431.jpg
file_301d5af2f1e658a1,C:\GitHub\httpssgphs.org\images\timeline\egan-avenue-1915.jpg,egan-avenue-1915.jpg,sgphs-timeline,80,False,0362a873319caf6a9ca27905a3052ecce0e0b2083c035e21b88f42cdabfcd07e,193511,JPEG,1105,658,assets/thumbs/file_301d5af2f1e658a1.jpg,assets/previews/file_301d5af2f1e658a1.jpg
file_a2d68236077282d5,C:\GitHub\httpssgphs.org\images\timeline\egan-avenue-early-days.jpg,egan-avenue-early-days.jpg,sgphs-timeline,80,False,6a9da8fd0749cc748baf0c4f14612c798e7227aa5bb6d2a07c240c1c076c2ccb,59954,JPEG,500,394,assets/thumbs/file_a2d68236077282d5.jpg,assets/previews/file_a2d68236077282d5.jpg
file_707026ab26daecc6,C:\GitHub\httpssgphs.org\images\timeline\estrada-family-1940s.jpg,estrada-family-1940s.jpg,sgphs-timeline,80,False,03e8835b1d5b27ec3d95744945a8e53fe00399e9911881c03b99014ba2d95239,412664,JPEG,1596,2071,assets/thumbs/file_707026ab26daecc6.jpg,assets/previews/file_707026ab26daecc6.jpg
file_1e37f114b207bc9c,C:\GitHub\httpssgphs.org\images\timeline\estrada-road-2021.jpg,estrada-road-2021.jpg,sgphs-timeline,80,False,ca1a5a6d39cb025018e589774e3128972ba8024afc4a43254a59bb184120ecd5,999237,JPEG,2683,1844,assets/thumbs/file_1e37f114b207bc9c.jpg,assets/previews/file_1e37f114b207bc9c.jpg
file_9e089b54965e6eed,C:\GitHub\httpssgphs.org\images\timeline\eucalyptus-1900.jpg,eucalyptus-1900.jpg,sgphs-timeline,80,False,d2382afb30740c3cac9566d076251e6b27631397f2185e404490d5a48c8e5554,720595,JPEG,1024,805,assets/thumbs/file_9e089b54965e6eed.jpg,assets/previews/file_9e089b54965e6eed.jpg
file_bccacb5a76ec852e,C:\GitHub\httpssgphs.org\images\timeline\fifth-street-1910.jpg,fifth-street-1910.jpg,sgphs-timeline,80,False,74663a48c849280fd6e3c42bf3c74d843b7d81611a0e84bfde44589439350ab3,3091567,MPO,4032,3024,assets/thumbs/file_bccacb5a76ec852e.jpg,assets/previews/file_bccacb5a76ec852e.jpg
file_606a10f569122505,C:\GitHub\httpssgphs.org\images\timeline\fifth-street-1925.jpg,fifth-street-1925.jpg,sgphs-timeline,80,False,410b59a70f2e69f0fa00a73768279e904220a8d10cf25b9803e49a24ed245b24,190442,JPEG,956,602,assets/thumbs/file_606a10f569122505.jpg,assets/previews/file_606a10f569122505.jpg
file_cbf208e0c55467a6,C:\GitHub\httpssgphs.org\images\timeline\fifth-street-1949.jpg,fifth-street-1949.jpg,sgphs-timeline,80,False,987de4632c9cd7a4b647dc5cb3cd6bcf74bb54e5ad56f00700292ebca0103ff5,176832,JPEG,1200,700,assets/thumbs/file_cbf208e0c55467a6.jpg,assets/previews/file_cbf208e0c55467a6.jpg
file_25c0cb94257addef,C:\GitHub\httpssgphs.org\images\timeline\fire-chief-1968.jpg,fire-chief-1968.jpg,sgphs-timeline,80,False,be12d3995388e35ec00ca968b54b996816af1ace3201173dfab8305fbd97f1a4,3257678,JPEG,2621,2720,assets/thumbs/file_25c0cb94257addef.jpg,assets/previews/file_25c0cb94257addef.jpg
file_2b565e14d1338329,C:\GitHub\httpssgphs.org\images\timeline\fire-dept-1960.jpg,fire-dept-1960.jpg,sgphs-timeline,80,False,32f81957dd435ce1834580ca6e30f5c6254df1af6910988a8574272ae3462ec2,473180,JPEG,1884,904,assets/thumbs/file_2b565e14d1338329.jpg,assets/previews/file_2b565e14d1338329.jpg
file_608bbe1d9cc6c514,C:\GitHub\httpssgphs.org\images\timeline\fire-dept-1976.jpg,fire-dept-1976.jpg,sgphs-timeline,80,False,f29a6a65ed45d50656e3d0a16de13ae0071265b7ea12f542e1b34bf7a230029f,164061,JPEG,590,472,assets/thumbs/file_608bbe1d9cc6c514.jpg,assets/previews/file_608bbe1d9cc6c514.jpg
file_4a38fb82984fa14d,C:\GitHub\httpssgphs.org\images\timeline\fire-station-1969.jpg,fire-station-1969.jpg,sgphs-timeline,80,False,810036d2d18cc4617f88cb5b4acca7fb8a5184ff14c4050c15e73f555280ac46,2214437,JPEG,3557,1889,assets/thumbs/file_4a38fb82984fa14d.jpg,assets/previews/file_4a38fb82984fa14d.jpg
file_eb0a7c549049bc0e,C:\GitHub\httpssgphs.org\images\timeline\first-christian-church-1930.jpg,first-christian-church-1930.jpg,sgphs-timeline,80,False,b79c45e313a0825a54b4d2f62903c2c88713b688f54b591d4d9309c975862802,218682,JPEG,862,607,assets/thumbs/file_eb0a7c549049bc0e.jpg,assets/previews/file_eb0a7c549049bc0e.jpg
file_49b95f43d5df4012,C:\GitHub\httpssgphs.org\images\timeline\gateway-gazette-1908.jpg,gateway-gazette-1908.jpg,sgphs-timeline,80,False,31d96f386ee2db52c8d8d16d78fb99a987d48af6dc890c82622b72d2daf49d74,9565,JPEG,170,214,assets/thumbs/file_49b95f43d5df4012.jpg,assets/previews/file_49b95f43d5df4012.jpg
file_9bc1746066487deb,C:\GitHub\httpssgphs.org\images\timeline\hotel-beaumont-1888.jpg,hotel-beaumont-1888.jpg,sgphs-timeline,80,False,d1f9fa3d9eb0c40f9ec575bd28f338c630a4be9277580262961d3fa16fd15562,512433,JPEG,1024,699,assets/thumbs/file_9bc1746066487deb.jpg,assets/previews/file_9bc1746066487deb.jpg
file_8f16fc0117d70ff6,C:\GitHub\httpssgphs.org\images\timeline\hotel-fire-1909.jpg,hotel-fire-1909.jpg,sgphs-timeline,80,False,7aa9aec755c7e0757c855f479b2ef5f9e6ed6a98d9e4af2aaa4d8305b69f831e,83039,JPEG,629,375,assets/thumbs/file_8f16fc0117d70ff6.jpg,assets/previews/file_8f16fc0117d70ff6.jpg
file_2e06bc8d8ba9606c,C:\GitHub\httpssgphs.org\images\timeline\laura-may-stewart-1911.jpg,laura-may-stewart-1911.jpg,sgphs-timeline,80,False,d6ac1c34e02cccfb02409c4f50951d87a4ab374b896aca7e4ba5be15061bd2bb,63786,JPEG,720,987,assets/thumbs/file_2e06bc8d8ba9606c.jpg,assets/previews/file_2e06bc8d8ba9606c.jpg
file_234daadce4f118e6,C:\GitHub\httpssgphs.org\images\timeline\mccoy-house-1987.jpg,mccoy-house-1987.jpg,sgphs-timeline,80,False,71fc99285607c485b39f950ce1e17e7e1fb4c630cfdd34acb0082548cbe3b5cd,2642958,JPEG,3024,4032,assets/thumbs/file_234daadce4f118e6.jpg,assets/previews/file_234daadce4f118e6.jpg
file_cfffa3785397ee75,C:\GitHub\httpssgphs.org\images\timeline\post-office-1890s.jpg,post-office-1890s.jpg,sgphs-timeline,80,False,e1aa057f07a9c1d5516128e44589c89710f4f15c6ccd48b2c1cbc5c114e686e5,62875,JPEG,500,355,assets/thumbs/file_cfffa3785397ee75.jpg,assets/previews/file_cfffa3785397ee75.jpg
file_6cdaa20c842dae91,C:\GitHub\httpssgphs.org\images\timeline\railroad-workers-1890s.jpg,railroad-workers-1890s.jpg,sgphs-timeline,80,False,e99002fbc0634361ecd556153cfaf309310f30b4c4467fa028c817544dc413f1,56525,JPEG,500,335,assets/thumbs/file_6cdaa20c842dae91.jpg,assets/previews/file_6cdaa20c842dae91.jpg
file_be5479c722bc34f0,C:\GitHub\httpssgphs.org\images\timeline\sp-demo-train-1909.jpg,sp-demo-train-1909.jpg,sgphs-timeline,80,False,2c0b6bd34aae6d908926bc4a585f68092f19ca41505675f3ece2f3ee3bb3f46e,51838,JPEG,500,419,assets/thumbs/file_be5479c722bc34f0.jpg,assets/previews/file_be5479c722bc34f0.jpg
file_3017aa80d1cfd66f,C:\GitHub\httpssgphs.org\images\timeline\summit-house-1890s.jpg,summit-house-1890s.jpg,sgphs-timeline,80,False,7879313d6c059db9bd62765c24f42a1b69539c9c08e702c3ce6ff8213fe63643,64973,JPEG,500,337,assets/thumbs/file_3017aa80d1cfd66f.jpg,assets/previews/file_3017aa80d1cfd66f.jpg
file_0e922b765426454a,C:\GitHub\httpssgphs.org\images\timeline\sunnyslope-cemetery-1960s.jpg,sunnyslope-cemetery-1960s.jpg,sgphs-timeline,80,False,339355d4ff8384585b4eaa371c6488fd2534b774266572b9fbe95c5b3bd16b54,2359630,JPEG,3024,4032,assets/thumbs/file_0e922b765426454a.jpg,assets/previews/file_0e922b765426454a.jpg
file_a5f569fa3541715f,C:\GitHub\httpssgphs.org\images\timeline\sunset-plaza-hotel-1948.jpg,sunset-plaza-hotel-1948.jpg,sgphs-timeline,80,False,d1fab3fdf2acc09911c7aca0a75c505cd1a4d52840da8838e461e5a914252641,64400,JPEG,500,403,assets/thumbs/file_a5f569fa3541715f.jpg,assets/previews/file_a5f569fa3541715f.jpg
file_b9dd258cb0de2b18,C:\GitHub\httpssgphs.org\images\timeline\tracy-caldwell-dyson-2023.jpg,tracy-caldwell-dyson-2023.jpg,sgphs-timeline,80,False,a8a5ae6dd29f571a9fb1be890617d761960f0b13d467b1731044d9269ba87655,2190115,JPEG,3871,4838,assets/thumbs/file_b9dd258cb0de2b18.jpg,assets/previews/file_b9dd258cb0de2b18.jpg
file_e02348a0eef821d1,C:\GitHub\httpssgphs.org\images\timeline\wctu-fountain-1910.jpg,wctu-fountain-1910.jpg,sgphs-timeline,80,False,604610e9ec0abc06802959a26f8eabf89aa69f4de73969a1543e9a58ca5cd422,5775491,JPEG,6926,4236,assets/thumbs/file_e02348a0eef821d1.jpg,assets/previews/file_e02348a0eef821d1.jpg
file_dad8d6f3d912fe48,C:\GitHub\httpssgphs.org\images\timeline\wellwood-school-1890.jpg,wellwood-school-1890.jpg,sgphs-timeline,80,False,5d409187aacce4ad385b4702bc857fb0d5c6128d3dfe15e85edcd7fe95bea6f5,1406280,JPEG,3594,2227,assets/thumbs/file_dad8d6f3d912fe48.jpg,assets/previews/file_dad8d6f3d912fe48.jpg
file_20c46e4fd773f110,C:\GitHub\httpssgphs.org\images\timeline\wellwood-school-1916.jpg,wellwood-school-1916.jpg,sgphs-timeline,80,False,4f3710f0bc0ce0e4cf8441c2f06a10855818dab7441a6b5ffb6baba74c312c0f,3107603,JPEG,4032,3024,assets/thumbs/file_20c46e4fd773f110.jpg,assets/previews/file_20c46e4fd773f110.jpg
file_eb4021f72b25f094,C:\GitHub\httpssgphs.org\images\timeline\wellwood-school-1921.jpg,wellwood-school-1921.jpg,sgphs-timeline,80,False,0423be5679015e8a17725147073ae25a59595cd8f2f1acbd46632cace8f782b6,40167,JPEG,500,357,assets/thumbs/file_eb4021f72b25f094.jpg,assets/previews/file_eb4021f72b25f094.jpg
file_8641735b44661932,X:\My Drive\Projects\Beaumont Library District\historical photos\Beaumont historical photos for BLD\Beaumont city 2012 100th anniversary centennial\Record_Gazette_2012_11_23_1 (1).jpg,Record_Gazette_2012_11_23_1 (1).jpg,bld-historical-photos,70,False,36b96996757d5448560efa7fceacd333f4562ad64ef3519a52d44ee0e8af1303,517701,JPEG,1728,1562,assets/thumbs/file_8641735b44661932.jpg,assets/previews/file_8641735b44661932.jpg
file_730c37d161caecc0,X:\My Drive\Projects\Beaumont Library District\historical photos\Beaumont historical photos for BLD\Beaumont city 2012 100th anniversary centennial\Record_Gazette_2012_11_23_1.jpg,Record_Gazette_2012_11_23_1.jpg,bld-historical-photos,70,False,19a1bf88a404843676a12a459da8ededc95f2ac8329cf9c622d94e88807793c7,541372,JPEG,1762,1570,assets/thumbs/file_730c37d161caecc0.jpg,assets/previews/file_730c37d161caecc0.jpg
file_d8efd7ae506580fc,X:\My Drive\Projects\Beaumont Library District\historical photos\Beaumont historical photos for BLD\Beaumont city 2012 100th anniversary centennial\Record_Gazette_2012_11_23_2.jpg,Record_Gazette_2012_11_23_2.jpg,bld-historical-photos,70,False,b25fab15645965cf2c5939d4aabc1ff4a2d9b49bf4099ab6bd50c237fd83cff1,463447,JPEG,1810,1858,assets/thumbs/file_d8efd7ae506580fc.jpg,assets/previews/file_d8efd7ae506580fc.jpg
file_e14c4a9d82b7c83a,X:\My Drive\Projects\Beaumont Library District\historical photos\Beaumont historical photos for BLD\Beaumont Fire Department vintage photos\Beaumont City Fire Department 1971 from Calisphere.png,Beaumont City Fire Department 1971 from Calisphere.png,bld-historical-photos,70,False,99513d3e3cd01fb108eb62b333d03e8ce1798697cec8615b8afc7bc768f7b0e6,1352840,PNG,1594,1050,assets/thumbs/file_e14c4a9d82b7c83a.jpg,assets/previews/file_e14c4a9d82b7c83a.jpg
file_1661f4590fa856dc,X:\My Drive\Projects\Beaumont Library District\historical photos\Beaumont historical photos for BLD\Beaumont Fire Department vintage photos\Beaumont City Fire Department badge 1970s.jpg,Beaumont City Fire Department badge 1970s.jpg,bld-historical-photos,70,False,b66b794b7bd2e54994211402cf41288116bbc0e9409edc104ce39bc400e2e6ef,4547108,JPEG,3024,4032,assets/thumbs/file_1661f4590fa856dc.jpg,assets/previews/file_1661f4590fa856dc.jpg
file_558ae0bb4f00b8fc,"X:\My Drive\Projects\Beaumont Library District\historical photos\Beaumont historical photos for BLD\Beaumont Fire Department vintage photos\Beaumont City Fire Department Fire Chief Clarence Pappy Lewis, left, fireman Ray Samson, right circa early 1960s.jpg","Beaumont City Fire Department Fire Chief Clarence Pappy Lewis, left, fireman Ray Samson, right circa early 1960s.jpg",bld-historical-photos,70,False,d5cdd7d4bf3b614c2a81d23fbbdaeab755f13ce0b5d7b5b432c5dee7ad0baa19,1315261,JPEG,2728,2342,assets/thumbs/file_558ae0bb4f00b8fc.jpg,assets/previews/file_558ae0bb4f00b8fc.jpg
file_2b1733f67e46926c,"X:\My Drive\Projects\Beaumont Library District\historical photos\Beaumont historical photos for BLD\Beaumont Fire Department vintage photos\Beaumont City Hall, Fire Department, Police Station, Courthouse photo from Calisphere.jpg","Beaumont City Hall, Fire Department, Police Station, Courthouse photo from Calisphere.jpg",bld-historical-photos,70,False,dc7a08e22048372a058cd577732e5ce4900e63e3476f7c6357c0813ea95cf1cd,499063,JPEG,1024,743,assets/thumbs/file_2b1733f67e46926c.jpg,assets/previews/file_2b1733f67e46926c.jpg
file_1ddeef3828b3d591,X:\My Drive\Projects\Beaumont Library District\historical photos\Beaumont historical photos for BLD\Beaumont Fire Department vintage photos\Beaumont City Volunteer Fire Department 1973.jpg,Beaumont City Volunteer Fire Department 1973.jpg,bld-historical-photos,70,False,5b7010d5b0b03782844eae6f44efdedaef734a2815415f1ffa8d68525e56c5ae,937276,JPEG,1492,1141,assets/thumbs/file_1ddeef3828b3d591.jpg,assets/previews/file_1ddeef3828b3d591.jpg
file_d2ae29e052aa5d40,X:\My Drive\Projects\Beaumont Library District\historical photos\Beaumont historical photos for BLD\Beaumont Fire Department vintage photos\Beaumont Fire Department 1972.jpg,Beaumont Fire Department 1972.jpg,bld-historical-photos,70,False,a420d0de8a162db441677a2d7f6e4f56931bdcb8cb957bde29c23456a2b70093,532570,JPEG,1917,1557,assets/thumbs/file_d2ae29e052aa5d40.jpg,assets/previews/file_d2ae29e052aa5d40.jpg
file_c01f872ddcd6e8e7,X:\My Drive\Projects\Beaumont Library District\historical photos\Beaumont historical photos for BLD\Beaumont Fire Department vintage photos\Beaumont Fire Department at 500 Grace.jpg,Beaumont Fire Department at 500 Grace.jpg,bld-historical-photos,70,False,25ea652e1ed51f9c527584d0876d5a87d88b3d32f80c6419b0f5830f3ceb80df,7619725,MPO,4756,2511,assets/thumbs/file_c01f872ddcd6e8e7.jpg,assets/previews/file_c01f872ddcd6e8e7.jpg
file_2355974dafe58b8e,X:\My Drive\Projects\Beaumont Library District\historical photos\Beaumont historical photos for BLD\Beaumont Fire Department vintage photos\Beaumont Fire Department chief in 4-30-68 Record-Gazette newspaper.jpg,Beaumont Fire Department chief in 4-30-68 Record-Gazette newspaper.jpg,bld-historical-photos,70,False,be12d3995388e35ec00ca968b54b996816af1ace3201173dfab8305fbd97f1a4,3257678,JPEG,2621,2720,assets/thumbs/file_2355974dafe58b8e.jpg,assets/previews/file_2355974dafe58b8e.jpg
file_78418ba57bf11eaf,X:\My Drive\Projects\Beaumont Library District\historical photos\Beaumont historical photos for BLD\Beaumont Fire Department vintage photos\Beaumont Fire Department photo from Calisphere.jpg,Beaumont Fire Department photo from Calisphere.jpg,bld-historical-photos,70,False,56e0621d95b74a31d97581e81a3b40f2cc3f892c95e10f984fbe524b944ccba1,496347,JPEG,1024,700,assets/thumbs/file_78418ba57bf11eaf.jpg,assets/previews/file_78418ba57bf11eaf.jpg
file_3e1b299dde3ce0b1,X:\My Drive\Projects\Beaumont Library District\historical photos\Beaumont historical photos for BLD\Beaumont Fire Department vintage photos\Beaumont Fire Department Public Safety Demonstration Engineer John McLaughlin with bullhorn early 1980s.jpg,Beaumont Fire Department Public Safety Demonstration Engineer John McLaughlin with bullhorn early 1980s.jpg,bld-historical-photos,70,False,e1f8f1ea75baf483e071de0635a7005f91fd1c195609475e61dd397023c46127,120647,JPEG,667,534,assets/thumbs/file_3e1b299dde3ce0b1.jpg,assets/previews/file_3e1b299dde3ce0b1.jpg
file_41263f69278d5914,X:\My Drive\Projects\Beaumont Library District\historical photos\Beaumont historical photos for BLD\Beaumont Fire Department vintage photos\Beaumont Fire Department vintage LaFrance fire engine in Cherry Festival parade late 1970s.jpg,Beaumont Fire Department vintage LaFrance fire engine in Cherry Festival parade late 1970s.jpg,bld-historical-photos,70,False,3f2b7f7d94ea15d08255d443ec96336b0e3239164a8ffaa082f7f84572ae899c,1868759,JPEG,3678,2488,assets/thumbs/file_41263f69278d5914.jpg,assets/previews/file_41263f69278d5914.jpg
file_8fd9d7ff7b968db5,X:\My Drive\Projects\Beaumont Library District\historical photos\Beaumont historical photos for BLD\Beaumont Fire Department vintage photos\Beaumont Fire Department Volunteers late 1980s.jpg,Beaumont Fire Department Volunteers late 1980s.jpg,bld-historical-photos,70,False,0b45bf76bc2cb464328395126ed26a78af87c52e21fc08e501468c8f31877582,88896,JPEG,609,487,assets/thumbs/file_8fd9d7ff7b968db5.jpg,assets/previews/file_8fd9d7ff7b968db5.jpg
file_9a5f46d65e85914f,X:\My Drive\Projects\Beaumont Library District\historical photos\Beaumont historical photos for BLD\Beaumont Fire Department vintage photos\Beaumont Fire Department with LaFrance fire engine used for parades photo from Calisphere dated 1971.jpg,Beaumont Fire Department with LaFrance fire engine used for parades photo from Calisphere dated 1971.jpg,bld-historical-photos,70,False,8260deea62a2b379e3a2459838b27e7710fbdb9657059a4ab2763fd2eec21d8e,360022,JPEG,1024,409,assets/thumbs/file_9a5f46d65e85914f.jpg,assets/previews/file_9a5f46d65e85914f.jpg
file_92a4d87125e15569,X:\My Drive\Projects\Beaumont Library District\historical photos\Beaumont historical photos for BLD\Beaumont Fire Department vintage photos\Beaumont Fire Department with old hose cart photo from Calisphere.jpg,Beaumont Fire Department with old hose cart photo from Calisphere.jpg,bld-historical-photos,70,False,56e0621d95b74a31d97581e81a3b40f2cc3f892c95e10f984fbe524b944ccba1,496347,JPEG,1024,700,assets/thumbs/file_92a4d87125e15569.jpg,assets/previews/file_92a4d87125e15569.jpg
file_8316ab83ed429ec1,X:\My Drive\Projects\Beaumont Library District\historical photos\Beaumont historical photos for BLD\Beaumont Fire Department vintage photos\Beaumont Volunteer Fire Department car plate from 1970s.jpg,Beaumont Volunteer Fire Department car plate from 1970s.jpg,bld-historical-photos,70,False,8aa863bd71f9d82b0e3db553de341b3e22b2cb99c7c98da6d78f987048d2f429,463276,JPEG,2895,1057,assets/thumbs/file_8316ab83ed429ec1.jpg,assets/previews/file_8316ab83ed429ec1.jpg
file_380405d0e9f540d5,X:\My Drive\Projects\Beaumont Library District\historical photos\Beaumont historical photos for BLD\Beaumont Fire Department vintage photos\Beaumont Volunteer Fire Department Cherry Festival Taco Booth early 1980s.jpg,Beaumont Volunteer Fire Department Cherry Festival Taco Booth early 1980s.jpg,bld-historical-photos,70,False,e4dc0c3bfd516c6c30196141b3161a404d23b27474ae21cde133272394ac7fba,273139,JPEG,858,686,assets/thumbs/file_380405d0e9f540d5.jpg,assets/previews/file_380405d0e9f540d5.jpg
file_b272ec3ba0ef43b0,X:\My Drive\Projects\Beaumont Library District\historical photos\Beaumont historical photos for BLD\Beaumont Fire Department vintage photos\Beaumont Volunteer Fire Department late 1950s or early 1960s.jpg,Beaumont Volunteer Fire Department late 1950s or early 1960s.jpg,bld-historical-photos,70,False,32f81957dd435ce1834580ca6e30f5c6254df1af6910988a8574272ae3462ec2,473180,JPEG,1884,904,assets/thumbs/file_b272ec3ba0ef43b0.jpg,assets/previews/file_b272ec3ba0ef43b0.jpg
file_8d1f932ec5f0fca0,X:\My Drive\Projects\Beaumont Library District\historical photos\Beaumont historical photos for BLD\Beaumont Fire Department vintage photos\Beaumont Volunteer Firefighter Scott Karnitz memorial at Beaumont Fire Station AAA.jpg,Beaumont Volunteer Firefighter Scott Karnitz memorial at Beaumont Fire Station AAA.jpg,bld-historical-photos,70,False,febe871c49176f7fa4539c5ba5e79c2c002ce7c71d6c6fa114b28734aac23914,3888428,JPEG,3024,4032,assets/thumbs/file_8d1f932ec5f0fca0.jpg,assets/previews/file_8d1f932ec5f0fca0.jpg
file_45e590326a1b8ffb,X:\My Drive\Projects\Beaumont Library District\historical photos\Beaumont historical photos for BLD\Beaumont Fire Department vintage photos\Beaumont Volunteer Firefighter Scott Karnitz memorial at Beaumont Fire Station BBB.jpg,Beaumont Volunteer Firefighter Scott Karnitz memorial at Beaumont Fire Station BBB.jpg,bld-historical-photos,70,False,e27c37af2ca1610f22287880f91e7d3dd07616c3c342476850f6bac608bad561,3769683,JPEG,3024,4032,assets/thumbs/file_45e590326a1b8ffb.jpg,assets/previews/file_45e590326a1b8ffb.jpg
file_24a63524443dc5c1,X:\My Drive\Projects\Beaumont Library District\historical photos\Beaumont historical photos for BLD\Beaumont Fire Department vintage photos\Building Beaumont Fire Station on Maple Ave. in 3-21-69 Record-Gazette newspaper 2.jpg,Building Beaumont Fire Station on Maple Ave. in 3-21-69 Record-Gazette newspaper 2.jpg,bld-historical-photos,70,False,88f49fd40a4ed3f6d84b86365d717a97552ec17e513245633cd6fb54f8e6d16c,2154774,JPEG,3465,2311,assets/thumbs/file_24a63524443dc5c1.jpg,assets/previews/file_24a63524443dc5c1.jpg
file_2afac9bfcf74e668,X:\My Drive\Projects\Beaumont Library District\historical photos\Beaumont historical photos for BLD\Beaumont Fire Department vintage photos\Building Beaumont Fire Station on Maple Ave. in 3-21-69 Record-Gazette newspaper.jpg,Building Beaumont Fire Station on Maple Ave. in 3-21-69 Record-Gazette newspaper.jpg,bld-historical-photos,70,False,810036d2d18cc4617f88cb5b4acca7fb8a5184ff14c4050c15e73f555280ac46,2214437,JPEG,3557,1889,assets/thumbs/file_2afac9bfcf74e668.jpg,assets/previews/file_2afac9bfcf74e668.jpg
file_3ffc668425a8d353,X:\My Drive\Projects\Beaumont Library District\historical photos\Beaumont historical photos for BLD\Beaumont Fire Department vintage photos\City of Beaumont Engine 24 1970s.jpg,City of Beaumont Engine 24 1970s.jpg,bld-historical-photos,70,False,233b5525ad4ef29b312d9928a6707f03da0a1ec6f64c08a795c238a6eeeab45b,1299692,JPEG,1962,1575,assets/thumbs/file_3ffc668425a8d353.jpg,assets/previews/file_3ffc668425a8d353.jpg
file_f7dc94b6f4cdbfd9,X:\My Drive\Projects\Beaumont Library District\historical photos\Beaumont historical photos for BLD\Beaumont Fire Department vintage photos\City of Beaumont work and dress uniforms.jpg,City of Beaumont work and dress uniforms.jpg,bld-historical-photos,70,False,f6d943b582f3a8a3e4572e6a4d3754fc8e479c82a6937405a42143b970d6fe46,1618259,JPEG,4032,3024,assets/thumbs/file_f7dc94b6f4cdbfd9.jpg,assets/previews/file_f7dc94b6f4cdbfd9.jpg
file_40aaab92014e56e3,X:\My Drive\Projects\Beaumont Library District\historical photos\Beaumont historical photos for BLD\Beaumont Fire Department vintage photos\Council Votes to Contract Fire Services with CDF news clip from Record Gazette 11-28-78.jpg,Council Votes to Contract Fire Services with CDF news clip from Record Gazette 11-28-78.jpg,bld-historical-photos,70,False,91e4ce37d8513a5f7877d5b42e4597e5da622c36595ed409f354fb9f8f5e997f,275641,JPEG,615,960,assets/thumbs/file_40aaab92014e56e3.jpg,assets/previews/file_40aaab92014e56e3.jpg
file_a8f27151e2db52aa,X:\My Drive\Projects\Beaumont Library District\historical photos\Beaumont historical photos for BLD\Beaumont Fire Department vintage photos\letter to Emma Estrada 5-26-77.pdf,letter to Emma Estrada 5-26-77.pdf,bld-historical-photos,70,False,de5881ed09973f945db03d945aef26a52b6d2864b0d0a2a4f21d041b07c35b6d,619733,PDF,918,1188,assets/thumbs/file_a8f27151e2db52aa.jpg,assets/previews/file_a8f27151e2db52aa.jpg
file_516765793c18944c,X:\My Drive\Projects\Beaumont Library District\historical photos\Beaumont historical photos for BLD\Beaumont Fire Department vintage photos\newspaper clipping for Beaumont Fire Volunteer Scott Karnitz.jpg,newspaper clipping for Beaumont Fire Volunteer Scott Karnitz.jpg,bld-historical-photos,70,False,1f83e999804e457a7cc1dd460fab69c5b6986c88b31d86e6a56cf8c4e3c58cb4,1085372,JPEG,1514,1959,assets/thumbs/file_516765793c18944c.jpg,assets/previews/file_516765793c18944c.jpg
file_127a46ceafca2e40,"X:\My Drive\Projects\Beaumont Library District\historical photos\Beaumont historical photos for BLD\Beaumont Fire Department vintage photos\Scott DeForge, left, and John McLaughlin, right, Beaumont Fire Department, 1976.jpg","Scott DeForge, left, and John McLaughlin, right, Beaumont Fire Department, 1976.jpg",bld-historical-photos,70,False,f29a6a65ed45d50656e3d0a16de13ae0071265b7ea12f542e1b34bf7a230029f,164061,JPEG,590,472,assets/thumbs/file_127a46ceafca2e40.jpg,assets/previews/file_127a46ceafca2e40.jpg
file_4260be4b2218efa2,X:\My Drive\Projects\Beaumont Library District\historical photos\Beaumont historical photos for BLD\Beaumont High School now City Hall\6th St. fr 1946 Bmt High yearbook donated by Leslie Rios 11-2020.jpg,6th St. fr 1946 Bmt High yearbook donated by Leslie Rios 11-2020.jpg,bld-historical-photos,70,False,92feff274a6596ff0d86d3dbeced9423275e8e6dbee21a25683ebd893242c784,2749293,JPEG,4032,3024,assets/thumbs/file_4260be4b2218efa2.jpg,assets/previews/file_4260be4b2218efa2.jpg
file_cc6030d3d617d8ff,X:\My Drive\Projects\Beaumont Library District\historical photos\Beaumont historical photos for BLD\Beaumont High School now City Hall\Band fr 1949 Bmt High yearbook donated by Leslie Rios 11-2020.jpg,Band fr 1949 Bmt High yearbook donated by Leslie Rios 11-2020.jpg,bld-historical-photos,70,False,43c7e84cbd82275ffda094bf96150ac740f38a124e9d39f6bb74ff3ecae3297f,2381787,JPEG,3228,2165,assets/thumbs/file_cc6030d3d617d8ff.jpg,assets/previews/file_cc6030d3d617d8ff.jpg
file_b9018a7562c07304,X:\My Drive\Projects\Beaumont Library District\historical photos\Beaumont historical photos for BLD\Beaumont High School now City Hall\Beaumont High School from 1930 BHS yearbook now Beaumont Civic Center.jpg,Beaumont High School from 1930 BHS yearbook now Beaumont Civic Center.jpg,bld-historical-photos,70,False,19579b8aaa1a387f68c257f71d9cd6a40fcc1e274f78790510e86be27aa15ae5,181989,JPEG,937,621,assets/thumbs/file_b9018a7562c07304.jpg,assets/previews/file_b9018a7562c07304.jpg
file_694b7194b57a78c1,X:\My Drive\Projects\Beaumont Library District\historical photos\Beaumont historical photos for BLD\Beaumont High School now City Hall\Beaumont High School now City Hall a.jpg,Beaumont High School now City Hall a.jpg,bld-historical-photos,70,False,147d43500aaed5789e784fc2a73e7fe89a7b2c820e87a2ca1a81f2d66adc8949,1432525,JPEG,3631,2397,assets/thumbs/file_694b7194b57a78c1.jpg,assets/previews/file_694b7194b57a78c1.jpg
file_6a17c4fec09e2bbf,X:\My Drive\Projects\Beaumont Library District\historical photos\Beaumont historical photos for BLD\Beaumont High School now City Hall\Beaumont High School pictured in 1942 yearbook.jpg,Beaumont High School pictured in 1942 yearbook.jpg,bld-historical-photos,70,False,098367b1d027abff2b9007457f48db1781b0e80548c7d4f8b4c0c8a164168087,2642642,JPEG,4032,3024,assets/thumbs/file_6a17c4fec09e2bbf.jpg,assets/previews/file_6a17c4fec09e2bbf.jpg
file_6fbc2c50bb487b96,X:\My Drive\Projects\Beaumont Library District\historical photos\Beaumont historical photos for BLD\Beaumont High School now City Hall\Majorettes in 1950 Bmt High yearbook donated by Leslie Rios 11-2020 on FB 11-14-20.jpg,Majorettes in 1950 Bmt High yearbook donated by Leslie Rios 11-2020 on FB 11-14-20.jpg,bld-historical-photos,70,False,20a773a024ba358443ccd976c936209dd7c95836d15b24507f7a071c5272c30b,2500495,JPEG,3159,2263,assets/thumbs/file_6fbc2c50bb487b96.jpg,assets/previews/file_6fbc2c50bb487b96.jpg
file_d8fa14cf9d71feda,X:\My Drive\Projects\Beaumont Library District\historical photos\Beaumont historical photos for BLD\Beaumont High School now City Hall\Typing class in 1950 Bmt High yearbook donated by Leslie Rios 11-2020.jpg,Typing class in 1950 Bmt High yearbook donated by Leslie Rios 11-2020.jpg,bld-historical-photos,70,False,7d9571c9e0eaee5e0f090182850ca1a812f7551b47f549cc2da1ed92ce923865,2335765,JPEG,3170,2358,assets/thumbs/file_d8fa14cf9d71feda.jpg,assets/previews/file_d8fa14cf9d71feda.jpg
file_a61d9dc24edbb4c4,X:\My Drive\Projects\Beaumont Library District\historical photos\Beaumont historical photos for BLD\Beaumont Land and Water Company\Beaumont Land and Water Company from Beaumont Library District.jpg,Beaumont Land and Water Company from Beaumont Library District.jpg,bld-historical-photos,70,False,5f4559c439828b2c61a75e8bc5a0fc9519cf066a8f8393530d2e09deacafbb5d,50540,JPEG,500,400,assets/thumbs/file_a61d9dc24edbb4c4.jpg,assets/previews/file_a61d9dc24edbb4c4.jpg
file_4e8cb17b9375d119,X:\My Drive\Projects\Beaumont Library District\historical photos\Beaumont historical photos for BLD\Beaumont Land and Water Company\Beaumont Land and Water pumping station from Beaumont Library District.jpg,Beaumont Land and Water pumping station from Beaumont Library District.jpg,bld-historical-photos,70,False,863c5ae235bcc668f2fa17b91afb06cd4f32d4da7d70971a752b952d04530eac,71495,JPEG,500,359,assets/thumbs/file_4e8cb17b9375d119.jpg,assets/previews/file_4e8cb17b9375d119.jpg
file_07f89426b311c2c6,"X:\My Drive\Projects\Beaumont Library District\historical photos\Beaumont historical photos for BLD\Beaumont Land and Water Company\Girl, cattle at well at Bliss Ranch Beaumont from Beaumont Library District.jpeg","Girl, cattle at well at Bliss Ranch Beaumont from Beaumont Library District.jpeg",bld-historical-photos,70,False,9e65e7372c9742a31f8db9761c679eab3669d814032ee00a1fb5609939f39e03,57754,JPEG,500,400,assets/thumbs/file_07f89426b311c2c6.jpg,assets/previews/file_07f89426b311c2c6.jpg
file_96dbd886a952432e,X:\My Drive\Projects\Beaumont Library District\historical photos\Beaumont historical photos for BLD\Beaumont Land and Water Company\People viewing the flowing well in Edgar Canyon 1908 from Beaumont Library District.jpg,People viewing the flowing well in Edgar Canyon 1908 from Beaumont Library District.jpg,bld-historical-photos,70,False,8fb995672b95208c788069d305eb707ead8b805e94c9e20b95d6b99b727cf1c5,68180,JPEG,500,313,assets/thumbs/file_96dbd886a952432e.jpg,assets/previews/file_96dbd886a952432e.jpg
file_525d50f4fa07ef78,X:\My Drive\Projects\Beaumont Library District\historical photos\Beaumont historical photos for BLD\Beaumont Land and Water Company\Water drilling Edgar Canyon 1908 from Beaumont Library District.jpg,Water drilling Edgar Canyon 1908 from Beaumont Library District.jpg,bld-historical-photos,70,False,667e5531c4139eee8cdba37f62dc9a2fb215045f8731638dd6bfc2b29017548c,71296,JPEG,500,389,assets/thumbs/file_525d50f4fa07ef78.jpg,assets/previews/file_525d50f4fa07ef78.jpg
file_1d58df53c7349e36,X:\My Drive\Projects\Beaumont Library District\historical photos\Beaumont historical photos for BLD\Beaumont Land and Water Company\water well Beaumont from Beaumont Water District.jpg,water well Beaumont from Beaumont Water District.jpg,bld-historical-photos,70,False,8df8748bb263c5c1a4f3b1a99a2d68a0c9a1ee45a3adf94e4462bd263d07b8c0,57169,JPEG,312,500,assets/thumbs/file_1d58df53c7349e36.jpg,assets/previews/file_1d58df53c7349e36.jpg
file_dcb7ac191e289893,X:\My Drive\Projects\Beaumont Library District\historical photos\Beaumont historical photos for BLD\Beaumont Post Office\Beaumont Post Office and Dedication of the WTCU fountain 1910.jpg,Beaumont Post Office and Dedication of the WTCU fountain 1910.jpg,bld-historical-photos,70,False,0684f50407a8e18f553f5840205dce79b48650ca8bbcf720301d5c395614db4a,66163,JPEG,500,317,assets/thumbs/file_dcb7ac191e289893.jpg,assets/previews/file_dcb7ac191e289893.jpg
file_f9b84343c44450be,X:\My Drive\Projects\Beaumont Library District\historical photos\Beaumont historical photos for BLD\Beaumont Post Office\Beaumont Post Office NE corner Fifth St. and Egan Ave..jpg,Beaumont Post Office NE corner Fifth St. and Egan Ave..jpg,bld-historical-photos,70,False,c5cac756a577436b47d6b13910ace80b7c14d31785a345d66e114716666f302a,2779819,JPEG,4032,3024,assets/thumbs/file_f9b84343c44450be.jpg,assets/previews/file_f9b84343c44450be.jpg
file_8cb40a6d96de423a,X:\My Drive\Projects\Beaumont Library District\historical photos\Beaumont historical photos for BLD\Beaumont Post Office\Beaumont Post Office to left at intersection of Egan Ave. and Fifth St. 1890s.jpg,Beaumont Post Office to left at intersection of Egan Ave. and Fifth St. 1890s.jpg,bld-historical-photos,70,False,e1aa057f07a9c1d5516128e44589c89710f4f15c6ccd48b2c1cbc5c114e686e5,62875,JPEG,500,355,assets/thumbs/file_8cb40a6d96de423a.jpg,assets/previews/file_8cb40a6d96de423a.jpg
file_c5cab3f9bd2ec712,X:\My Drive\Projects\Beaumont Library District\historical photos\Beaumont historical photos for BLD\Beaumont Train Depot\Beaumont Depot 1909 Tyrrell historical libary digital collections.png,Beaumont Depot 1909 Tyrrell historical libary digital collections.png,bld-historical-photos,70,False,7d5ca95f93875511cd7f984d686c3e9445ff0ae3ebb8eeaed48a3c2d410c693e,357982,PNG,729,461,assets/thumbs/file_c5cab3f9bd2ec712.jpg,assets/previews/file_c5cab3f9bd2ec712.jpg
file_5fb00becc80a2f3a,X:\My Drive\Projects\Beaumont Library District\historical photos\Beaumont historical photos for BLD\Beaumont Train Depot\Beaumont train depot 1909 postcard from ebay.jpg,Beaumont train depot 1909 postcard from ebay.jpg,bld-historical-photos,70,False,adc6f358b6d3a88928073a1541aa0a9f4dacb9d88cfa3a6d64e7c1cb6439184c,165759,JPEG,951,592,assets/thumbs/file_5fb00becc80a2f3a.jpg,assets/previews/file_5fb00becc80a2f3a.jpg
file_403a220bdbfaca94,X:\My Drive\Projects\Beaumont Library District\historical photos\Beaumont historical photos for BLD\Beaumont Train Depot\Beaumont Train Depot after expansion remodel.jpg,Beaumont Train Depot after expansion remodel.jpg,bld-historical-photos,70,False,0486da0c0db1080b20ecad32ada49d6ab7d8858f12730b93df9089007348dd07,55942,JPEG,537,337,assets/thumbs/file_403a220bdbfaca94.jpg,assets/previews/file_403a220bdbfaca94.jpg
file_82c1ab228c096c21,X:\My Drive\Projects\Beaumont Library District\historical photos\Beaumont historical photos for BLD\Beaumont Train Depot\Beaumont Train Depot calisphere.jpg,Beaumont Train Depot calisphere.jpg,bld-historical-photos,70,False,20ea0f5ae7a2ce549e4d48c1a3c8cf6f6fa889d50397b516d6f8a7ce4be258ce,630494,JPEG,1024,831,assets/thumbs/file_82c1ab228c096c21.jpg,assets/previews/file_82c1ab228c096c21.jpg
file_cc58d47646271b65,X:\My Drive\Projects\Beaumont Library District\historical photos\Beaumont historical photos for BLD\Beaumont Train Depot\Beaumont train depot train at California Ave. crossing looking north.jpg,Beaumont train depot train at California Ave. crossing looking north.jpg,bld-historical-photos,70,False,7130335151588c3b80110f1e7f365d54fa22e9ca80221383ca73acfd6035ec0c,552189,JPEG,1024,729,assets/thumbs/file_cc58d47646271b65.jpg,assets/previews/file_cc58d47646271b65.jpg
file_f0dccb003fc35106,X:\My Drive\Projects\Beaumont Library District\historical photos\Beaumont historical photos for BLD\Beaumont Train Depot\Engines at Beaumont Train Depot Roundhouse calisphere.jpg,Engines at Beaumont Train Depot Roundhouse calisphere.jpg,bld-historical-photos,70,False,6cfef35bd1bc5281923f3536c9123b1ece2194c472277341d15eef186919beeb,53196,JPEG,500,393,assets/thumbs/file_f0dccb003fc35106.jpg,assets/previews/file_f0dccb003fc35106.jpg
file_99a2fafc09189ad6,X:\My Drive\Projects\Beaumont Library District\historical photos\Beaumont historical photos for BLD\Beaumont Train Depot\Southern Pacific Railroad Agricultural and Horticultural demonstration train in Beaumont March 1909 calisphere.jpg,Southern Pacific Railroad Agricultural and Horticultural demonstration train in Beaumont March 1909 calisphere.jpg,bld-historical-photos,70,False,2c0b6bd34aae6d908926bc4a585f68092f19ca41505675f3ece2f3ee3bb3f46e,51838,JPEG,500,419,assets/thumbs/file_99a2fafc09189ad6.jpg,assets/previews/file_99a2fafc09189ad6.jpg
file_76bfd3e94ee255b1,X:\My Drive\Projects\Beaumont Library District\historical photos\Beaumont historical photos for BLD\Beaumont Woman's Club\1947 cherry parade in front of Beaumont Woman's Club from Beaumont Library District.jpg,1947 cherry parade in front of Beaumont Woman's Club from Beaumont Library District.jpg,bld-historical-photos,70,False,e5735005aca1de36eb9d49fe8eb047a54776a2048f41ad7174abb724d02beb29,74735,JPEG,500,393,assets/thumbs/file_76bfd3e94ee255b1.jpg,assets/previews/file_76bfd3e94ee255b1.jpg
file_642d4db8621b03d7,X:\My Drive\Projects\Beaumont Library District\historical photos\Beaumont historical photos for BLD\Beaumont Woman's Club\Beaumont Woman's Club from Beaumont Library District.jpg,Beaumont Woman's Club from Beaumont Library District.jpg,bld-historical-photos,70,False,89d8106ecd38a58bf389224075a5697eb663cd6b8eb059c8b34245d80f966fe9,558248,JPEG,1024,645,assets/thumbs/file_642d4db8621b03d7.jpg,assets/previews/file_642d4db8621b03d7.jpg
file_4ab5724ff013fb16,X:\My Drive\Projects\Beaumont Library District\historical photos\Beaumont historical photos for BLD\Beaumont Woman's Club\beaumont woman's club google 2020.jpg,beaumont woman's club google 2020.jpg,bld-historical-photos,70,False,f3f27953e3182cf3cce8d0b7943056d7f83ea573205893979ba409cc033f94fa,75351,JPEG,669,461,assets/thumbs/file_4ab5724ff013fb16.jpg,assets/previews/file_4ab5724ff013fb16.jpg
file_9126d6345200cd8e,X:\My Drive\Projects\Beaumont Library District\historical photos\Beaumont historical photos for BLD\Church 701 Egan Ave\Church 701 Egan Ave under construction.JPG,Church 701 Egan Ave under construction.JPG,bld-historical-photos,70,False,a05519596057d43b9770fa30cff311072f925d38c494bf7b0517138e0e4aeadd,1104645,JPEG,2448,2448,assets/thumbs/file_9126d6345200cd8e.jpg,assets/previews/file_9126d6345200cd8e.jpg
file_9fe8585582d514e1,X:\My Drive\Projects\Beaumont Library District\historical photos\Beaumont historical photos for BLD\Church 701 Egan Ave\First Christian Church 701 Egan Ave probably late 1950s a.jpg,First Christian Church 701 Egan Ave probably late 1950s a.jpg,bld-historical-photos,70,False,efba77c1587b6229b29ca05d89e2e327057303fcd090be8a46fb2c829bfec857,2704116,JPEG,3152,3997,assets/thumbs/file_9fe8585582d514e1.jpg,assets/previews/file_9fe8585582d514e1.jpg
file_a0b39c74d9c8e44c,X:\My Drive\Projects\Beaumont Library District\historical photos\Beaumont historical photos for BLD\Church 701 Egan Ave\First Christian Church 701 Egan Ave. 5-2022 b.JPG,First Christian Church 701 Egan Ave. 5-2022 b.JPG,bld-historical-photos,70,False,e1173d690c99741a7fea8452c4d5654bf39d6bca59a4b7f7f1600709ec5f8aec,4432442,JPEG,4032,3024,assets/thumbs/file_a0b39c74d9c8e44c.jpg,assets/previews/file_a0b39c74d9c8e44c.jpg
file_22c3e924a81727ee,"X:\My Drive\Projects\Beaumont Library District\historical photos\Beaumont historical photos for BLD\Church 701 Egan Ave\First Christian Church, 701 Egan Ave. 1930-1940.jpg","First Christian Church, 701 Egan Ave. 1930-1940.jpg",bld-historical-photos,70,False,b79c45e313a0825a54b4d2f62903c2c88713b688f54b591d4d9309c975862802,218682,JPEG,862,607,assets/thumbs/file_22c3e924a81727ee.jpg,assets/previews/file_22c3e924a81727ee.jpg
file_8d7a3cd69d34ecdb,"X:\My Drive\Projects\Beaumont Library District\historical photos\Beaumont historical photos for BLD\Church 701 Egan Ave\First Christian Church, 701 Egan Ave. May 2017.jpg","First Christian Church, 701 Egan Ave. May 2017.jpg",bld-historical-photos,70,False,a9f829331df15b133218f95d4b0a1eb4e7b0c9528b232b3e3fe1d9ddcadac2c6,554425,JPEG,1600,1200,assets/thumbs/file_8d7a3cd69d34ecdb.jpg,assets/previews/file_8d7a3cd69d34ecdb.jpg
file_b7f7a2b7e9abc391,X:\My Drive\Projects\Beaumont Library District\historical photos\Beaumont historical photos for BLD\Deodar trees on Beaumont Avenue\Beaumont Avenue deodar trees color vintage postcard ebay.jpg,Beaumont Avenue deodar trees color vintage postcard ebay.jpg,bld-historical-photos,70,False,f478e17323b3c88c872caf168639edf460e023b73e0450a459cd2cb2b3cd6b5d,494178,JPEG,1600,1015,assets/thumbs/file_b7f7a2b7e9abc391.jpg,assets/previews/file_b7f7a2b7e9abc391.jpg
file_dca6e4831d730c69,X:\My Drive\Projects\Beaumont Library District\historical photos\Beaumont historical photos for BLD\Deodar trees on Beaumont Avenue\Beaumont Avenue deodar trees vintage postcard fr ebay.jpg,Beaumont Avenue deodar trees vintage postcard fr ebay.jpg,bld-historical-photos,70,False,e6dec1439a984037cd01caa52c865873ded3939175a2884903e8e8830955025c,217185,JPEG,1129,744,assets/thumbs/file_dca6e4831d730c69.jpg,assets/previews/file_dca6e4831d730c69.jpg
file_59bdcf2b98974c07,X:\My Drive\Projects\Beaumont Library District\historical photos\Beaumont historical photos for BLD\Deodar trees on Beaumont Avenue\Deodar trees on Beaumont Avenue today.jpg,Deodar trees on Beaumont Avenue today.jpg,bld-historical-photos,70,False,257df6723f34164488319232ac9a2d37b66bb9c75a49ce4916b3d131ebf16a04,36938,JPEG,374,242,assets/thumbs/file_59bdcf2b98974c07.jpg,assets/previews/file_59bdcf2b98974c07.jpg
file_ca5abba4eaaacf43,X:\My Drive\Projects\Beaumont Library District\historical photos\Beaumont historical photos for BLD\Dowling family\Dowling Orchard Fruit Fresh Produce and Dried Fruit Nuts Candy signs.jpg,Dowling Orchard Fruit Fresh Produce and Dried Fruit Nuts Candy signs.jpg,bld-historical-photos,70,False,a14b1d9cbca0680473245961a9e40fe003d420f3b713d0966d24c2bb28dfe888,1807343,JPEG,4032,3024,assets/thumbs/file_ca5abba4eaaacf43.jpg,assets/previews/file_ca5abba4eaaacf43.jpg
file_06f8565130002cdb,X:\My Drive\Projects\Beaumont Library District\historical photos\Beaumont historical photos for BLD\Dowling family\Dowling Orchard Store interior.jpg,Dowling Orchard Store interior.jpg,bld-historical-photos,70,False,8513272e3008b72df87ccbaec99f6a79688ce4b6f594e57e26e8ebb23b790881,61385,JPEG,500,375,assets/thumbs/file_06f8565130002cdb.jpg,assets/previews/file_06f8565130002cdb.jpg
file_24eb4a942b7350e9,X:\My Drive\Projects\Beaumont Library District\historical photos\Beaumont historical photos for BLD\Dowling family\Dowling Orchard store.jpg,Dowling Orchard store.jpg,bld-historical-photos,70,False,19edeb3464b1098b2559bde23879b03f4e2e33ad209caeccf83e7bd8876721f0,67156,JPEG,462,338,assets/thumbs/file_24eb4a942b7350e9.jpg,assets/previews/file_24eb4a942b7350e9.jpg
file_ee215b51b92d672d,X:\My Drive\Projects\Beaumont Library District\historical photos\Beaumont historical photos for BLD\Dowling family\Dowling Orchards Store contemporary.jpg,Dowling Orchards Store contemporary.jpg,bld-historical-photos,70,False,326a66eb99e920a0c7c4792d96cabab6c337cf6c2cde6d949c437b312bb05da6,39820,JPEG,500,310,assets/thumbs/file_ee215b51b92d672d.jpg,assets/previews/file_ee215b51b92d672d.jpg
file_6136d43a4a4ec5f2,X:\My Drive\Projects\Beaumont Library District\historical photos\Beaumont historical photos for BLD\Dowling family\Dowling store pomegranates.jpg,Dowling store pomegranates.jpg,bld-historical-photos,70,False,8eaa78ac3c27da90316719fa0883b33a43232f2909124b412089dc925ab19aa6,1798180,JPEG,4032,3024,assets/thumbs/file_6136d43a4a4ec5f2.jpg,assets/previews/file_6136d43a4a4ec5f2.jpg
file_ceca88ddc88ac093,X:\My Drive\Projects\Beaumont Library District\historical photos\Beaumont historical photos for BLD\Dowling family\Francis Dowling Jr. and son John Dowling sorting cherries.jpg,Francis Dowling Jr. and son John Dowling sorting cherries.jpg,bld-historical-photos,70,False,b46cf37f37a100369c32df4aebd235969bf4ed487f784b7381654d370f240ca8,175105,JPEG,1336,912,assets/thumbs/file_ceca88ddc88ac093.jpg,assets/previews/file_ceca88ddc88ac093.jpg
file_cf16d1260430ff88,X:\My Drive\Projects\Beaumont Library District\historical photos\Beaumont historical photos for BLD\Dowling family\Francis Dowling Jr. with clamp truck.jpg,Francis Dowling Jr. with clamp truck.jpg,bld-historical-photos,70,False,a75542c6d45d155a7c8eea1d809da2a8b0c2c6b6aa1c9bbc40b42901dec607f0,276657,JPEG,1044,1565,assets/thumbs/file_cf16d1260430ff88.jpg,assets/previews/file_cf16d1260430ff88.jpg
file_7c202013d4c76eb0,X:\My Drive\Projects\Beaumont Library District\historical photos\Beaumont historical photos for BLD\Dowling family\Francis Dowling Sr. with Golden State Orchard truck.JPG,Francis Dowling Sr. with Golden State Orchard truck.JPG,bld-historical-photos,70,False,0243bf6938648e595a9dd1013865c74c8a82dd774891676854b283f3d4405af0,158881,JPEG,829,517,assets/thumbs/file_7c202013d4c76eb0.jpg,assets/previews/file_7c202013d4c76eb0.jpg
file_0384287341366937,X:\My Drive\Projects\Beaumont Library District\historical photos\Beaumont historical photos for BLD\Dowling family\Francis Dowling Sr. young.JPG,Francis Dowling Sr. young.JPG,bld-historical-photos,70,False,b3049707780c33826fac38f91f5bb38cc77291fd88c2577b5cb4723177cac412,73733,JPEG,530,710,assets/thumbs/file_0384287341366937.jpg,assets/previews/file_0384287341366937.jpg
file_5eeb21fa47264700,X:\My Drive\Projects\Beaumont Library District\historical photos\Beaumont historical photos for BLD\Dowling family\Francis Jr & Estella Dowling 001.jpg,Francis Jr & Estella Dowling 001.jpg,bld-historical-photos,70,False,75cdb1f882703d9949683eac12b716543e0289334524d7e5b26d028e16922f69,282186,JPEG,1444,2103,assets/thumbs/file_5eeb21fa47264700.jpg,assets/previews/file_5eeb21fa47264700.jpg
file_7a212b19fc220bcf,X:\My Drive\Projects\Beaumont Library District\historical photos\Beaumont historical photos for BLD\Dowling family\Francis Marion Dowling Sr. and Iola Stower Dowling.jpg,Francis Marion Dowling Sr. and Iola Stower Dowling.jpg,bld-historical-photos,70,False,9202169b49c5046227ee919cf2e31855e787b99c6db4ff9b7567017857d4e61d,249184,JPEG,1389,2029,assets/thumbs/file_7a212b19fc220bcf.jpg,assets/previews/file_7a212b19fc220bcf.jpg
file_ace2a459c87dec6b,X:\My Drive\Projects\Beaumont Library District\historical photos\Beaumont historical photos for BLD\Dowling family\Francis Sr &  Francis Jr cropped.jpg,Francis Sr &  Francis Jr cropped.jpg,bld-historical-photos,70,False,27f944e16113bb71c75c3f958298a9c67db4bbff97cef81c3ea8a9094ed9d4e5,374602,JPEG,1535,2120,assets/thumbs/file_ace2a459c87dec6b.jpg,assets/previews/file_ace2a459c87dec6b.jpg
file_9154a3f6c0e775d6,X:\My Drive\Projects\Beaumont Library District\historical photos\Beaumont historical photos for BLD\Dowling family\Iola Stower Dowling young.JPG,Iola Stower Dowling young.JPG,bld-historical-photos,70,False,cc364228a465693c244c0a3462deb7e121f1feb4055d9ea44b1331424427676b,58569,JPEG,720,960,assets/thumbs/file_9154a3f6c0e775d6.jpg,assets/previews/file_9154a3f6c0e775d6.jpg
file_3b4925d934e326ca,X:\My Drive\Projects\Beaumont Library District\historical photos\Beaumont historical photos for BLD\Dowling family\John Dowling.jpg,John Dowling.jpg,bld-historical-photos,70,False,8397b2ff937a77ac539cc2b9dc6b061632e3a55eb8afa487bc082b0ff5686b46,2300742,JPEG,4032,3024,assets/thumbs/file_3b4925d934e326ca.jpg,assets/previews/file_3b4925d934e326ca.jpg
file_766e847f395d02b5,X:\My Drive\Projects\Beaumont Library District\historical photos\Beaumont historical photos for BLD\Egan Avenue\Beaumont map diagonal streets to left were mapped by George C. Egan.png,Beaumont map diagonal streets to left were mapped by George C. Egan.png,bld-historical-photos,70,False,487bba0cb6d75b3a324544e48fbd889c3e2c58ffcb30efb248df1de254aa9fff,825207,PNG,1280,822,assets/thumbs/file_766e847f395d02b5.jpg,assets/previews/file_766e847f395d02b5.jpg
file_490e20f5275a23e8,X:\My Drive\Projects\Beaumont Library District\historical photos\Beaumont historical photos for BLD\Egan Avenue\Egan Ave looking south 1907 from Beaumont Library District.jpg,Egan Ave looking south 1907 from Beaumont Library District.jpg,bld-historical-photos,70,False,99ccf772fbda39d2dcad415a68ce1f2e1655c591c5ce55b7fc1d3cf35d09359a,127260,JPEG,960,752,assets/thumbs/file_490e20f5275a23e8.jpg,assets/previews/file_490e20f5275a23e8.jpg
file_f8794f0b7a70bef8,X:\My Drive\Projects\Beaumont Library District\historical photos\Beaumont historical photos for BLD\Egan Avenue\Egan Ave looking south postcard postmarked 1915 from eBay.jpg,Egan Ave looking south postcard postmarked 1915 from eBay.jpg,bld-historical-photos,70,False,0362a873319caf6a9ca27905a3052ecce0e0b2083c035e21b88f42cdabfcd07e,193511,JPEG,1105,658,assets/thumbs/file_f8794f0b7a70bef8.jpg,assets/previews/file_f8794f0b7a70bef8.jpg
file_326ff826173e889e,X:\My Drive\Projects\Beaumont Library District\historical photos\Beaumont historical photos for BLD\Egan Avenue\Egan Ave looking south today dead end at Interstate 10 photographed from same spot as vintage photos looking south.JPG,Egan Ave looking south today dead end at Interstate 10 photographed from same spot as vintage photos looking south.JPG,bld-historical-photos,70,False,8b7d76cb16f5adf461d84159f3503f8538364a9f9810b238a2d0a57ce71bff4b,2576710,JPEG,4032,3024,assets/thumbs/file_326ff826173e889e.jpg,assets/previews/file_326ff826173e889e.jpg
file_ecdd8fa374519f4e,X:\My Drive\Projects\Beaumont Library District\historical photos\Beaumont historical photos for BLD\Egan Avenue\Egan Ave postcard courtesy Steve Lech postcard collection.jpg,Egan Ave postcard courtesy Steve Lech postcard collection.jpg,bld-historical-photos,70,False,bfa84abce2aa6ea5f5f2e0a17ed87e7c914237412f1d98219e717ccc6c469334,139424,JPEG,895,574,assets/thumbs/file_ecdd8fa374519f4e.jpg,assets/previews/file_ecdd8fa374519f4e.jpg
file_1a9936f038a4d5b3,X:\My Drive\Projects\Beaumont Library District\historical photos\Beaumont historical photos for BLD\Egan Avenue\Egan Ave very early days from Beaumont Library District.jpg,Egan Ave very early days from Beaumont Library District.jpg,bld-historical-photos,70,False,6a9da8fd0749cc748baf0c4f14612c798e7227aa5bb6d2a07c240c1c076c2ccb,59954,JPEG,500,394,assets/thumbs/file_1a9936f038a4d5b3.jpg,assets/previews/file_1a9936f038a4d5b3.jpg
file_932e28e1d506368f,X:\My Drive\Projects\Beaumont Library District\historical photos\Beaumont historical photos for BLD\Egan Avenue\Egan Ave. 600 block from Beaumont Library District.jpg,Egan Ave. 600 block from Beaumont Library District.jpg,bld-historical-photos,70,False,dd78892ee19bd9c3802fd3ff06aec451a8493c2cf1ae9b377966e1e0dcc8f56d,127966,JPEG,895,574,assets/thumbs/file_932e28e1d506368f.jpg,assets/previews/file_932e28e1d506368f.jpg
file_471661eae5c41d0e,X:\My Drive\Projects\Beaumont Library District\historical photos\Beaumont historical photos for BLD\Egan Avenue\Egan Ave. looking north.jpg,Egan Ave. looking north.jpg,bld-historical-photos,70,False,b4f16bb81917240f7dc0126f165712559f48fe670f8047eeadce0d8370a3d22f,68952,JPEG,500,393,assets/thumbs/file_471661eae5c41d0e.jpg,assets/previews/file_471661eae5c41d0e.jpg
file_1899e1d4624d2a35,X:\My Drive\Projects\Beaumont Library District\historical photos\Beaumont historical photos for BLD\Eucalyptus trees\Eucalyptus trees Beaumont Avenue about 1900.jpg,Eucalyptus trees Beaumont Avenue about 1900.jpg,bld-historical-photos,70,False,d2382afb30740c3cac9566d076251e6b27631397f2185e404490d5a48c8e5554,720595,JPEG,1024,805,assets/thumbs/file_1899e1d4624d2a35.jpg,assets/previews/file_1899e1d4624d2a35.jpg
file_15baf564413179a7,X:\My Drive\Projects\Beaumont Library District\historical photos\Beaumont historical photos for BLD\Eucalyptus trees\Eucalyptus trees in Beaumont vintage postcard looking north on Beaumont Ave..jpg,Eucalyptus trees in Beaumont vintage postcard looking north on Beaumont Ave..jpg,bld-historical-photos,70,False,c967f3434a70f6f52f4bf5d141c6fa16c82b1ae43b15ce6fb758e2ede885ac9f,39154,JPEG,468,302,assets/thumbs/file_15baf564413179a7.jpg,assets/previews/file_15baf564413179a7.jpg
file_1c9ea6c89be189cc,X:\My Drive\Projects\Beaumont Library District\historical photos\Beaumont historical photos for BLD\Eyer House and family\Clarendon B. Eyer.jpg,Clarendon B. Eyer.jpg,bld-historical-photos,70,False,feb791723271e6bb9549778dd341eb30a29e1cf7830a4994a26291c941327d69,7717,JPEG,113,153,assets/thumbs/file_1c9ea6c89be189cc.jpg,assets/previews/file_1c9ea6c89be189cc.jpg
file_19eed4484c184cab,X:\My Drive\Projects\Beaumont Library District\historical photos\Beaumont historical photos for BLD\Eyer House and family\Cora K. Eyer.jpeg,Cora K. Eyer.jpeg,bld-historical-photos,70,False,24db8c5ebfd69b235e27730bb37e5646d44ff41b4771126243bf90f8bf9b7651,13763,JPEG,250,305,assets/thumbs/file_19eed4484c184cab.jpg,assets/previews/file_19eed4484c184cab.jpg
file_eec4546a4b2a26e0,X:\My Drive\Projects\Beaumont Library District\historical photos\Beaumont historical photos for BLD\Eyer House and family\coraeyer.jpeg,coraeyer.jpeg,bld-historical-photos,70,False,24db8c5ebfd69b235e27730bb37e5646d44ff41b4771126243bf90f8bf9b7651,13763,JPEG,250,305,assets/thumbs/file_eec4546a4b2a26e0.jpg,assets/previews/file_eec4546a4b2a26e0.jpg
file_96af4be1e750e779,X:\My Drive\Projects\Beaumont Library District\historical photos\Beaumont historical photos for BLD\Eyer House and family\Eyer House 2019.jpg,Eyer House 2019.jpg,bld-historical-photos,70,False,1c1a0ba18e56466716881671657afcc5f7a8d82f1af70cb4c6aeb3fdf3c26c0e,790783,JPEG,1536,1152,assets/thumbs/file_96af4be1e750e779.jpg,assets/previews/file_96af4be1e750e779.jpg
file_119299217e791778,X:\My Drive\Projects\Beaumont Library District\historical photos\Beaumont historical photos for BLD\Eyer House and family\Eyer House circa 1915-1920.jpg,Eyer House circa 1915-1920.jpg,bld-historical-photos,70,False,7b12ccc6170f631bc8d3e46c06e722920987fb94a3baeb05cf72519ad32bf2f0,4129995,JPEG,2952,2296,assets/thumbs/file_119299217e791778.jpg,assets/previews/file_119299217e791778.jpg
file_23485137376c677b,X:\My Drive\Projects\Beaumont Library District\historical photos\Beaumont historical photos for BLD\Fifth Street Downtown\Fifth St. looking east twoard first Bank of Beaumont--white building far right.jpg,Fifth St. looking east twoard first Bank of Beaumont--white building far right.jpg,bld-historical-photos,70,False,80ccade6d53e9b9b911a6add3c2564534fc2327dbc9e998bf7f766f964ba4a86,57754,JPEG,950,582,assets/thumbs/file_23485137376c677b.jpg,assets/previews/file_23485137376c677b.jpg
file_2171390c3d403e70,X:\My Drive\Projects\Beaumont Library District\historical photos\Beaumont historical photos for BLD\Fifth Street Downtown\fifth street 1925 frasher photo courtesy of clamshack via fliker on FB 7-16-20.jpg,fifth street 1925 frasher photo courtesy of clamshack via fliker on FB 7-16-20.jpg,bld-historical-photos,70,False,410b59a70f2e69f0fa00a73768279e904220a8d10cf25b9803e49a24ed245b24,190442,JPEG,956,602,assets/thumbs/file_2171390c3d403e70.jpg,assets/previews/file_2171390c3d403e70.jpg
file_83dad7121710045a,X:\My Drive\Projects\Beaumont Library District\historical photos\Beaumont historical photos for BLD\Fifth Street Downtown\fifth street calisphere image.jpg,fifth street calisphere image.jpg,bld-historical-photos,70,False,76eee83d4604dd12236835da6205a05b13ba0a1773e11000059ef5268cc42b58,423919,JPEG,1024,646,assets/thumbs/file_83dad7121710045a.jpg,assets/previews/file_83dad7121710045a.jpg
file_903640e7f6394f6c,X:\My Drive\Projects\Beaumont Library District\historical photos\Beaumont historical photos for BLD\Fifth Street Downtown\fifth street calisphere.jpg,fifth street calisphere.jpg,bld-historical-photos,70,False,940d6706f2aeca9ebe041f6e5774ca5dce03698caf9dfdffe9bf80f90706c5d5,429258,JPEG,1024,718,assets/thumbs/file_903640e7f6394f6c.jpg,assets/previews/file_903640e7f6394f6c.jpg
file_8e08335061a788ad,X:\My Drive\Projects\Beaumont Library District\historical photos\Beaumont historical photos for BLD\Fifth Street Downtown\Fifth Street looking west from intersection Fith and Grace today.JPG,Fifth Street looking west from intersection Fith and Grace today.JPG,bld-historical-photos,70,False,6b1d1a084c9e426edd6a025e6e2fbac4fa822784bb2b2e9124c8871e216a5360,3802594,JPEG,4032,3024,assets/thumbs/file_8e08335061a788ad.jpg,assets/previews/file_8e08335061a788ad.jpg
file_4740bdae9f158a02,"X:\My Drive\Projects\Beaumont Library District\historical photos\Beaumont historical photos for BLD\Fifth Street Downtown\Fifth Street, Beaumont, looking west from the intersection of Fifth and Grace Street 1949-50.jpg","Fifth Street, Beaumont, looking west from the intersection of Fifth and Grace Street 1949-50.jpg",bld-historical-photos,70,False,987de4632c9cd7a4b647dc5cb3cd6bcf74bb54e5ad56f00700292ebca0103ff5,176832,JPEG,1200,700,assets/thumbs/file_4740bdae9f158a02.jpg,assets/previews/file_4740bdae9f158a02.jpg
file_d051bc698921542e,X:\My Drive\Projects\Beaumont Library District\historical photos\Beaumont historical photos for BLD\Fifth Street Downtown\Fifth streetlooking east at egan 1910.JPG,Fifth streetlooking east at egan 1910.JPG,bld-historical-photos,70,False,74663a48c849280fd6e3c42bf3c74d843b7d81611a0e84bfde44589439350ab3,3091567,MPO,4032,3024,assets/thumbs/file_d051bc698921542e.jpg,assets/previews/file_d051bc698921542e.jpg
file_44a194cee1d2ec5a,X:\My Drive\Projects\Beaumont Library District\historical photos\Beaumont historical photos for BLD\Fifth Street Downtown\from facebook posted by Rena Lillich Williams 3-7-20.jpg,from facebook posted by Rena Lillich Williams 3-7-20.jpg,bld-historical-photos,70,False,290d83236e2af8ac47121f49bb317d7ed0d3b24d1df2f5e7835d3e83f78c5565,541450,JPEG,2048,1498,assets/thumbs/file_44a194cee1d2ec5a.jpg,assets/previews/file_44a194cee1d2ec5a.jpg
file_5bcd47fb00b38d74,X:\My Drive\Projects\Beaumont Library District\historical photos\Beaumont historical photos for BLD\Fifth Street Downtown\George Sumner S and S store on Fifth Street exterior.jpg,George Sumner S and S store on Fifth Street exterior.jpg,bld-historical-photos,70,False,6a865a59974643242b8b5664453a2b129d13aa10ca81c38825d5d19a0ad2de45,856887,JPEG,3180,2051,assets/thumbs/file_5bcd47fb00b38d74.jpg,assets/previews/file_5bcd47fb00b38d74.jpg
file_7468befbff74c13d,X:\My Drive\Projects\Beaumont Library District\historical photos\Beaumont historical photos for BLD\Fifth Street Downtown\George Sumner S and S store on Fifth Street interior.jpg,George Sumner S and S store on Fifth Street interior.jpg,bld-historical-photos,70,False,c0dd7e61349f7425c5815bc2ec318e3d332b60dd048ca92c4dc91411c2727bea,2065281,JPEG,4133,2965,assets/thumbs/file_7468befbff74c13d.jpg,assets/previews/file_7468befbff74c13d.jpg
file_05e79a462e063ad9,X:\My Drive\Projects\Beaumont Library District\historical photos\Beaumont historical photos for BLD\Fifth Street Downtown\steve lech postcard of fifth street.jpg,steve lech postcard of fifth street.jpg,bld-historical-photos,70,False,58c5af709c736f4ae625fce247159ab19b30d80b5fe5672f9d313a1b701903e4,932852,JPEG,1642,1047,assets/thumbs/file_05e79a462e063ad9.jpg,assets/previews/file_05e79a462e063ad9.jpg
file_01316d5b3080775b,X:\My Drive\Projects\Beaumont Library District\historical photos\Beaumont historical photos for BLD\first Bank of Beaumont 5th and California\first bank of beaumont construction from calisphere.jpg,first bank of beaumont construction from calisphere.jpg,bld-historical-photos,70,False,4b6aaf14c7d26492a06e547b32e5770ec25d361b727621b3bd9ca47c235851ad,796280,JPEG,1012,1024,assets/thumbs/file_01316d5b3080775b.jpg,assets/previews/file_01316d5b3080775b.jpg
file_6048c7d7a1556432,X:\My Drive\Projects\Beaumont Library District\historical photos\Beaumont historical photos for BLD\first Bank of Beaumont 5th and California\first bank of beaumont.jpg,first bank of beaumont.jpg,bld-historical-photos,70,False,f5e12eae5a40ee6761ce00791dcc98b197eb393e7a659827cd38203e45510c14,53962,JPEG,500,314,assets/thumbs/file_6048c7d7a1556432.jpg,assets/previews/file_6048c7d7a1556432.jpg
file_df6dfda367b9c01b,X:\My Drive\Projects\Beaumont Library District\historical photos\Beaumont historical photos for BLD\first Bank of Beaumont 5th and California\IMG_3030.JPG,IMG_3030.JPG,bld-historical-photos,70,False,85b8f4a24749c333a974c9e39c5cc6a1c23f1eb790770c4c2ac48b8b37f0dcdf,2632989,MPO,4032,3024,assets/thumbs/file_df6dfda367b9c01b.jpg,assets/previews/file_df6dfda367b9c01b.jpg
file_303d948b96e89578,"X:\My Drive\Projects\Beaumont Library District\historical photos\Beaumont historical photos for BLD\Gateway Gazette\Gateway Gazette April 30, 1908.jpg","Gateway Gazette April 30, 1908.jpg",bld-historical-photos,70,False,31d96f386ee2db52c8d8d16d78fb99a987d48af6dc890c82622b72d2daf49d74,9565,JPEG,170,214,assets/thumbs/file_303d948b96e89578.jpg,assets/previews/file_303d948b96e89578.jpg
file_90a96d25211dcfe4,X:\My Drive\Projects\Beaumont Library District\historical photos\Beaumont historical photos for BLD\Gateway Gazette\gateway gazette beaumont leslie rios postcards 5-22.jpg,gateway gazette beaumont leslie rios postcards 5-22.jpg,bld-historical-photos,70,False,ecb07c92c36ffef5fd5d4b6c7d41d29a4a31934bb63985cfc371f041bd615de0,3410859,JPEG,3427,2219,assets/thumbs/file_90a96d25211dcfe4.jpg,assets/previews/file_90a96d25211dcfe4.jpg
file_1f2a8f7f00b3848c,X:\My Drive\Projects\Beaumont Library District\historical photos\Beaumont historical photos for BLD\Gateway Gazette\Gateway gazette interior postcard leslie rios 5-22.jpg,Gateway gazette interior postcard leslie rios 5-22.jpg,bld-historical-photos,70,False,ee945eca89c2b36753b4433631d42cb13ac5d7add6fc78acfe3f589cb9df3a85,3694275,JPEG,3386,2243,assets/thumbs/file_1f2a8f7f00b3848c.jpg,assets/previews/file_1f2a8f7f00b3848c.jpg
file_3a1b2926f591600a,X:\My Drive\Projects\Beaumont Library District\historical photos\Beaumont historical photos for BLD\Guy Bogart and Bogart House\bogart house 2-8-20.jpg,bogart house 2-8-20.jpg,bld-historical-photos,70,False,3c975fb650dda21d0b5a17a37807ee42ec30b875ef42208224fd6c94baf4d133,2659483,JPEG,3264,2448,assets/thumbs/file_3a1b2926f591600a.jpg,assets/previews/file_3a1b2926f591600a.jpg
file_0fcaaab49ca7d04c,X:\My Drive\Projects\Beaumont Library District\historical photos\Beaumont historical photos for BLD\Guy Bogart and Bogart House\Bogart House from Beaumont Library District.jpg,Bogart House from Beaumont Library District.jpg,bld-historical-photos,70,False,c1170a723ce4bea2d119615cfc58eabdf2187c2c823aa938888631f42d09069d,499004,JPEG,1024,654,assets/thumbs/file_0fcaaab49ca7d04c.jpg,assets/previews/file_0fcaaab49ca7d04c.jpg
file_09eb25c65e1bcdd7,X:\My Drive\Projects\Beaumont Library District\historical photos\Beaumont historical photos for BLD\Guy Bogart and Bogart House\Guy Bogart at his desk in his home in Beaumont.jpg,Guy Bogart at his desk in his home in Beaumont.jpg,bld-historical-photos,70,False,56552fe67f834dd34b98b305e96f9a187d78648c80a5c6b2baf9f5cddfc15852,2026196,JPEG,2973,1991,assets/thumbs/file_09eb25c65e1bcdd7.jpg,assets/previews/file_09eb25c65e1bcdd7.jpg
file_df6371f402c2499e,X:\My Drive\Projects\Beaumont Library District\historical photos\Beaumont historical photos for BLD\Guy Bogart and Bogart House\Guy Bogart in his home office a.jpg,Guy Bogart in his home office a.jpg,bld-historical-photos,70,False,7a9e74a5713bf32487da2ca38748ce2370069f78df4898fab851a929187c0072,615204,JPEG,828,1024,assets/thumbs/file_df6371f402c2499e.jpg,assets/previews/file_df6371f402c2499e.jpg
file_bba6fe4d9ce30267,"X:\My Drive\Projects\Beaumont Library District\historical photos\Beaumont historical photos for BLD\Guy Bogart and Bogart House\Guy Bogart, second from righ, passiang out apples.jpg","Guy Bogart, second from righ, passiang out apples.jpg",bld-historical-photos,70,False,544c3d50743d75bf241819c5ce2407512bbd99a6c4ad657c717c7fa5b61b5bc2,1801795,JPEG,2893,2317,assets/thumbs/file_bba6fe4d9ce30267.jpg,assets/previews/file_bba6fe4d9ce30267.jpg
file_fec600cc91a2b866,"X:\My Drive\Projects\Beaumont Library District\historical photos\Beaumont historical photos for BLD\Hotel Beaumont\Beaumont Hotel fire Los Angeles Herald, August 18 1909.jpg","Beaumont Hotel fire Los Angeles Herald, August 18 1909.jpg",bld-historical-photos,70,False,7aa9aec755c7e0757c855f479b2ef5f9e6ed6a98d9e4af2aaa4d8305b69f831e,83039,JPEG,629,375,assets/thumbs/file_fec600cc91a2b866.jpg,assets/previews/file_fec600cc91a2b866.jpg
file_a11efbd362b74c78,X:\My Drive\Projects\Beaumont Library District\historical photos\Beaumont historical photos for BLD\Hotel Beaumont\Beaumont Hotel.jpg,Beaumont Hotel.jpg,bld-historical-photos,70,False,df296ea855f8f5fd14ca82d4ce65dac079003333d74614876a553f5d96df9da0,575640,JPEG,1024,805,assets/thumbs/file_a11efbd362b74c78.jpg,assets/previews/file_a11efbd362b74c78.jpg
file_b687abb7d8963c1f,X:\My Drive\Projects\Beaumont Library District\historical photos\Beaumont historical photos for BLD\Hotel Beaumont\Beaumont vista with Hotel Beaumont visible to right of town undated photo.jpg,Beaumont vista with Hotel Beaumont visible to right of town undated photo.jpg,bld-historical-photos,70,False,ddb0e5deba7d2a23f2785fb78d1bdf23e6eacf7f47427a6c8b797ed84be7a795,143719,JPEG,960,733,assets/thumbs/file_b687abb7d8963c1f.jpg,assets/previews/file_b687abb7d8963c1f.jpg
file_33e4534b0637f6ec,X:\My Drive\Projects\Beaumont Library District\historical photos\Beaumont historical photos for BLD\Hotel Beaumont\Hotel Beaumont 1888.jpg,Hotel Beaumont 1888.jpg,bld-historical-photos,70,False,d1f9fa3d9eb0c40f9ec575bd28f338c630a4be9277580262961d3fa16fd15562,512433,JPEG,1024,699,assets/thumbs/file_33e4534b0637f6ec.jpg,assets/previews/file_33e4534b0637f6ec.jpg
file_7545ae933a1593e8,X:\My Drive\Projects\Beaumont Library District\historical photos\Beaumont historical photos for BLD\Hotel Beaumont\Hotel Beaumont and Beaumont train station and Peter Allen Store postcard front fr Karen Sumner Noordman 1-12-23.jpg,Hotel Beaumont and Beaumont train station and Peter Allen Store postcard front fr Karen Sumner Noordman 1-12-23.jpg,bld-historical-photos,70,False,ad0b1673b7c2e7e0b3393286bea10506dbf89ae0149241235af095d5fe9bcda6,291214,JPEG,1651,1087,assets/thumbs/file_7545ae933a1593e8.jpg,assets/previews/file_7545ae933a1593e8.jpg
file_9e8b5924dd97514e,X:\My Drive\Projects\Beaumont Library District\historical photos\Beaumont historical photos for BLD\Hotel Beaumont\Hotel Beaumont location today google 5-8-25 (1).jpg,Hotel Beaumont location today google 5-8-25 (1).jpg,bld-historical-photos,70,False,ead17ebb37efa6d9093ace3cd44874e2b47c7e9366b9d55407f0f5ba925d5462,59521,JPEG,624,351,assets/thumbs/file_9e8b5924dd97514e.jpg,assets/previews/file_9e8b5924dd97514e.jpg
file_6b385c430809c7a7,X:\My Drive\Projects\Beaumont Library District\historical photos\Beaumont historical photos for BLD\Hotel Beaumont\Hotel Beaumont location today google 5-8-25 (2).jpg,Hotel Beaumont location today google 5-8-25 (2).jpg,bld-historical-photos,70,False,f379c91d43375e47a3b162f16978c0eea24f7ac6563b1860ade37c6c44460019,48433,JPEG,700,177,assets/thumbs/file_6b385c430809c7a7.jpg,assets/previews/file_6b385c430809c7a7.jpg
file_e7f24d3599ab24a2,X:\My Drive\Projects\Beaumont Library District\historical photos\Beaumont historical photos for BLD\Hotel Beaumont\Hotel Beaumont renamed Hotel Edinburgh postcard.jpg,Hotel Beaumont renamed Hotel Edinburgh postcard.jpg,bld-historical-photos,70,False,a73c882ee4171d7ee3c5013faa70e293fc7f09df3e6eebd2e2f8366e626061b6,44797,JPEG,400,267,assets/thumbs/file_e7f24d3599ab24a2.jpg,assets/previews/file_e7f24d3599ab24a2.jpg
file_1fbe1465cbb9629b,"X:\My Drive\Projects\Beaumont Library District\historical photos\Beaumont historical photos for BLD\Laura May Stewart\Clara Stewart, left, and Laura May Stewart, right.jpg","Clara Stewart, left, and Laura May Stewart, right.jpg",bld-historical-photos,70,False,b03bc1fdc7b8558e1741b2841e01f9a286cd996db255c0a59372a7a0fc74fab6,5430506,JPEG,3024,4032,assets/thumbs/file_1fbe1465cbb9629b.jpg,assets/previews/file_1fbe1465cbb9629b.jpg
file_26afe4712e031ca1,X:\My Drive\Projects\Beaumont Library District\historical photos\Beaumont historical photos for BLD\Laura May Stewart\Laura May Stewart 1911.jpg,Laura May Stewart 1911.jpg,bld-historical-photos,70,False,d6ac1c34e02cccfb02409c4f50951d87a4ab374b896aca7e4ba5be15061bd2bb,63786,JPEG,720,987,assets/thumbs/file_26afe4712e031ca1.jpg,assets/previews/file_26afe4712e031ca1.jpg
file_3ac48179da0bba85,X:\My Drive\Projects\Beaumont Library District\historical photos\Beaumont historical photos for BLD\Laura May Stewart\Laura May Stewart in chaps dated 1911.jpg,Laura May Stewart in chaps dated 1911.jpg,bld-historical-photos,70,False,96084a68c46594ae89e50186e1bbfdffaf3dbde4404bdbe6e42793527083c789,2064677,JPEG,3024,4032,assets/thumbs/file_3ac48179da0bba85.jpg,assets/previews/file_3ac48179da0bba85.jpg
file_9eac3891b77b322a,X:\My Drive\Projects\Beaumont Library District\historical photos\Beaumont historical photos for BLD\Laura May Stewart\Laura May Stewart in the room on their ranch where she collected family items.jpg,Laura May Stewart in the room on their ranch where she collected family items.jpg,bld-historical-photos,70,False,f5beeb775282b5e3025db42cfd9496be72ac717d978fad0425a28147cc6edec3,2980075,JPEG,3024,4032,assets/thumbs/file_9eac3891b77b322a.jpg,assets/previews/file_9eac3891b77b322a.jpg
file_5bcb4fdd983636af,X:\My Drive\Projects\Beaumont Library District\historical photos\Beaumont historical photos for BLD\Laura May Stewart\Laura May Stewart on horseback 1911.jpg,Laura May Stewart on horseback 1911.jpg,bld-historical-photos,70,False,98152fc07b57226d4b1045dca123b49d3f6a691539e998fd19d1fe5f09b92d89,1746845,JPEG,4032,3024,assets/thumbs/file_5bcb4fdd983636af.jpg,assets/previews/file_5bcb4fdd983636af.jpg
file_160b1988f59af141,X:\My Drive\Projects\Beaumont Library District\historical photos\Beaumont historical photos for BLD\Laura May Stewart\Laura May Stewart-center in back seat-first Cherry Festival Queen in 1919.jpg,Laura May Stewart-center in back seat-first Cherry Festival Queen in 1919.jpg,bld-historical-photos,70,False,e57e73ec33db743264e6b3bd1ca7b07a3a735a5251f5db700dfc799e191406a0,2514913,JPEG,4032,2661,assets/thumbs/file_160b1988f59af141.jpg,assets/previews/file_160b1988f59af141.jpg
file_6873c559c506cc94,X:\My Drive\Projects\Beaumont Library District\historical photos\Beaumont historical photos for BLD\Luis Estrada\Emeteria and Luis Estrada 1940s.jpg,Emeteria and Luis Estrada 1940s.jpg,bld-historical-photos,70,False,03e8835b1d5b27ec3d95744945a8e53fe00399e9911881c03b99014ba2d95239,412664,JPEG,1596,2071,assets/thumbs/file_6873c559c506cc94.jpg,assets/previews/file_6873c559c506cc94.jpg
file_7bc6badcf00911d0,X:\My Drive\Projects\Beaumont Library District\historical photos\Beaumont historical photos for BLD\Luis Estrada\Emeteria and Luis Estrada 1970s.jpg,Emeteria and Luis Estrada 1970s.jpg,bld-historical-photos,70,False,5d232e93182f07868e4171f2b8c5e252ae93ab02562a1d3c1eedf04fdb83ca3d,1102671,JPEG,1899,2600,assets/thumbs/file_7bc6badcf00911d0.jpg,assets/previews/file_7bc6badcf00911d0.jpg
file_8af72ab13174bb49,X:\My Drive\Projects\Beaumont Library District\historical photos\Beaumont historical photos for BLD\Luis Estrada\Estrada family dinner inside section house.jpg,Estrada family dinner inside section house.jpg,bld-historical-photos,70,False,071dbed3b88ec723fefa2a00244526e6718fa9f9b153b3d83c70ba8064476b17,688103,JPEG,1885,1962,assets/thumbs/file_8af72ab13174bb49.jpg,assets/previews/file_8af72ab13174bb49.jpg
file_0e0256356003fd4e,X:\My Drive\Projects\Beaumont Library District\historical photos\Beaumont historical photos for BLD\Luis Estrada\Family celebrating 20 years Luis Estrada Road 2021.jpg,Family celebrating 20 years Luis Estrada Road 2021.jpg,bld-historical-photos,70,False,ca1a5a6d39cb025018e589774e3128972ba8024afc4a43254a59bb184120ecd5,999237,JPEG,2683,1844,assets/thumbs/file_0e0256356003fd4e.jpg,assets/previews/file_0e0256356003fd4e.jpg
file_3fbf1ccc16ac2844,X:\My Drive\Projects\Beaumont Library District\historical photos\Beaumont historical photos for BLD\Luis Estrada\Luis Estrad Road sign b.jpg,Luis Estrad Road sign b.jpg,bld-historical-photos,70,False,0c3010b6a42a36c36717774f677af5f1354d430048ca42b9e60821108cc0e469,2140294,JPEG,4032,3024,assets/thumbs/file_3fbf1ccc16ac2844.jpg,assets/previews/file_3fbf1ccc16ac2844.jpg
file_d817a4ccef9a21d9,X:\My Drive\Projects\Beaumont Library District\historical photos\Beaumont historical photos for BLD\Luis Estrada\Luis Estrada family in their Southern Pacific Railroad section house leslie collection 5-22.jpg,Luis Estrada family in their Southern Pacific Railroad section house leslie collection 5-22.jpg,bld-historical-photos,70,False,706b2d811969578c215b3ac06032edb2ee0a990671a2b889975cb42bb004164d,4100944,JPEG,6068,4770,assets/thumbs/file_d817a4ccef9a21d9.jpg,assets/previews/file_d817a4ccef9a21d9.jpg
file_ea58d4af0db1b5e8,X:\My Drive\Projects\Beaumont Library District\historical photos\Beaumont historical photos for BLD\Luis Estrada\Luis Estrada Road sign with stop sign.jpg,Luis Estrada Road sign with stop sign.jpg,bld-historical-photos,70,False,80f322a26dda1a2d684b00b1e4bf0129d618c46a67cd492e75a68889d7824c61,1125275,JPEG,3024,4032,assets/thumbs/file_ea58d4af0db1b5e8.jpg,assets/previews/file_ea58d4af0db1b5e8.jpg
file_b7090f8e72f9a1f4,X:\My Drive\Projects\Beaumont Library District\historical photos\Beaumont historical photos for BLD\Luis Estrada\Luis Estrada Road sign.jpg,Luis Estrada Road sign.jpg,bld-historical-photos,70,False,5c36345a4ed0bc63a168d30df9c410cbff164d109fbd46ed6d84d9c2dab27a64,950375,JPEG,4032,3024,assets/thumbs/file_b7090f8e72f9a1f4.jpg,assets/previews/file_b7090f8e72f9a1f4.jpg
file_b6c163a3356b0471,X:\My Drive\Projects\Beaumont Library District\historical photos\Beaumont historical photos for BLD\Luis Estrada\Luis Estrada statue at California State Railroad Museum in Sacramento a.jpg,Luis Estrada statue at California State Railroad Museum in Sacramento a.jpg,bld-historical-photos,70,False,0bcfb26555ec0f9d0a66de7d4c4af9d392223adede071e52e3f49c18a09afeb1,3849269,JPEG,2440,3613,assets/thumbs/file_b6c163a3356b0471.jpg,assets/previews/file_b6c163a3356b0471.jpg
file_700ad753febc8ac3,X:\My Drive\Projects\Beaumont Library District\historical photos\Beaumont historical photos for BLD\Luis Estrada\Luis Estrada statue at California State Railroad Museum in Sacramento c.jpg,Luis Estrada statue at California State Railroad Museum in Sacramento c.jpg,bld-historical-photos,70,False,c8a96809486a31aec53ca8222eb0eb62668eb87650c887eae64d87cf51ecf598,2444002,JPEG,3517,2744,assets/thumbs/file_700ad753febc8ac3.jpg,assets/previews/file_700ad753febc8ac3.jpg
file_81573fc561e39bcb,X:\My Drive\Projects\Beaumont Library District\historical photos\Beaumont historical photos for BLD\Luis Estrada\Luis Estrada statue at California State Railroad Museum in Sacramento d.jpg,Luis Estrada statue at California State Railroad Museum in Sacramento d.jpg,bld-historical-photos,70,False,cea59d9baae23290de1df2da006c15834f0e0ba7f0b78d692c97cbc31a0e061f,2096824,JPEG,3257,2792,assets/thumbs/file_81573fc561e39bcb.jpg,assets/previews/file_81573fc561e39bcb.jpg
file_5334b8381169f62a,X:\My Drive\Projects\Beaumont Library District\historical photos\Beaumont historical photos for BLD\Luis Estrada\Luis Estrada statue California State Railroad Museum in Sacramento b.jpg,Luis Estrada statue California State Railroad Museum in Sacramento b.jpg,bld-historical-photos,70,False,e34db55cb09003c72c7268341993f3e45fa1389cae9aedf6342b21cdf7bf3529,5783570,JPEG,4567,6205,assets/thumbs/file_5334b8381169f62a.jpg,assets/previews/file_5334b8381169f62a.jpg
file_5973fb419ba4ee3b,X:\My Drive\Projects\Beaumont Library District\historical photos\Beaumont historical photos for BLD\Luis Estrada\Luis Estrada young man.JPG,Luis Estrada young man.JPG,bld-historical-photos,70,False,799ef1d6edec1bf6f04c46c7d96a0bcaac00056de8ceb3e384a2d1fe0a3537ce,828285,JPEG,1500,2000,assets/thumbs/file_5973fb419ba4ee3b.jpg,assets/previews/file_5973fb419ba4ee3b.jpg
file_603be2bdeb2de003,X:\My Drive\Projects\Beaumont Library District\historical photos\Beaumont historical photos for BLD\Luis Estrada\Railroad workers Luis Estrada fourth from right.jpg,Railroad workers Luis Estrada fourth from right.jpg,bld-historical-photos,70,False,8122b58856bfbaac9cf9dbbd5b53aa98eb8faf7a9afffcf0082cadbd1fc71549,2932989,JPEG,5954,4085,assets/thumbs/file_603be2bdeb2de003.jpg,assets/previews/file_603be2bdeb2de003.jpg
file_95d25e3c922df5a7,X:\My Drive\Projects\Beaumont Library District\historical photos\Beaumont historical photos for BLD\Luis Estrada\Railworkers Luis Estrada far right.JPG,Railworkers Luis Estrada far right.JPG,bld-historical-photos,70,False,ea1904bb9ecedbc4ef5f2edf010f94e2ef077af5209060994a74f013800a75af,855758,JPEG,2000,1500,assets/thumbs/file_95d25e3c922df5a7.jpg,assets/previews/file_95d25e3c922df5a7.jpg
file_e8eae5f89cf755e3,X:\My Drive\Projects\Beaumont Library District\historical photos\Beaumont historical photos for BLD\McCoy House and lumberyard\John J. McCoy lumberyard.jpg,John J. McCoy lumberyard.jpg,bld-historical-photos,70,False,4c35da1c0911760e2c226a6e8b526ac03adb09a1db3f3cc299fc4be9848a1e17,68488,JPEG,500,349,assets/thumbs/file_e8eae5f89cf755e3.jpg,assets/previews/file_e8eae5f89cf755e3.jpg
file_e5e076eeda1458d9,X:\My Drive\Projects\Beaumont Library District\historical photos\Beaumont historical photos for BLD\McCoy House and lumberyard\McCoy House 2018 Google image.jpg,McCoy House 2018 Google image.jpg,bld-historical-photos,70,False,ec94519887572c84cbbbf30462a794537f785c061a86b330ae4c7d96baf3c7e4,84926,JPEG,624,351,assets/thumbs/file_e5e076eeda1458d9.jpg,assets/previews/file_e5e076eeda1458d9.jpg
file_b5ee5e9c1bfe9f9d,X:\My Drive\Projects\Beaumont Library District\historical photos\Beaumont historical photos for BLD\McCoy House and lumberyard\McCoy house fr Community Advisor 11-12-87.jpg,McCoy house fr Community Advisor 11-12-87.jpg,bld-historical-photos,70,False,71fc99285607c485b39f950ce1e17e7e1fb4c630cfdd34acb0082548cbe3b5cd,2642958,JPEG,3024,4032,assets/thumbs/file_b5ee5e9c1bfe9f9d.jpg,assets/previews/file_b5ee5e9c1bfe9f9d.jpg
file_0fccefa25e897817,X:\My Drive\Projects\Beaumont Library District\historical photos\Beaumont historical photos for BLD\McCoy House and lumberyard\Sean Balingit at the McCoy House during Historical Society tour PHOTO CREDIT IS PAT MURKLAND.jpg,Sean Balingit at the McCoy House during Historical Society tour PHOTO CREDIT IS PAT MURKLAND.jpg,bld-historical-photos,70,False,077e73181b6295f83e5373822b8c44e9ce8d1a11b4edfb3073d723d083878f52,7813717,JPEG,4032,3024,assets/thumbs/file_0fccefa25e897817.jpg,assets/previews/file_0fccefa25e897817.jpg
file_898bac3bc27bd127,X:\My Drive\Projects\Beaumont Library District\historical photos\Beaumont historical photos for BLD\Mexican and other railroad workers\Beaumont railroad women swept the tracks (1).jpg,Beaumont railroad women swept the tracks (1).jpg,bld-historical-photos,70,False,dd8ab58c7a90a9f9b5bd01eb2c65bdfde352423745d054fc053b24b4108afe07,1857823,JPEG,2549,3258,assets/thumbs/file_898bac3bc27bd127.jpg,assets/previews/file_898bac3bc27bd127.jpg
file_f2298fad395d2664,X:\My Drive\Projects\Beaumont Library District\historical photos\Beaumont historical photos for BLD\Mexican and other railroad workers\Beaumont railroad women swept the tracks (2).jpg,Beaumont railroad women swept the tracks (2).jpg,bld-historical-photos,70,False,cea59d9baae23290de1df2da006c15834f0e0ba7f0b78d692c97cbc31a0e061f,2096824,JPEG,3257,2792,assets/thumbs/file_f2298fad395d2664.jpg,assets/previews/file_f2298fad395d2664.jpg
file_bd67fc3e612ba103,X:\My Drive\Projects\Beaumont Library District\historical photos\Beaumont historical photos for BLD\Mexican and other railroad workers\Beaumont train depot workers 1940s a.jpg,Beaumont train depot workers 1940s a.jpg,bld-historical-photos,70,False,16f90b03e20c7ee145f35588cf9ed9aa7e5466565291e92f33c8b43c0aea6a66,1397149,JPEG,3417,2196,assets/thumbs/file_bd67fc3e612ba103.jpg,assets/previews/file_bd67fc3e612ba103.jpg
file_d1cb502f648bf5ae,X:\My Drive\Projects\Beaumont Library District\historical photos\Beaumont historical photos for BLD\Mexican and other railroad workers\Beaumont train depot workers 1940s b.jpg,Beaumont train depot workers 1940s b.jpg,bld-historical-photos,70,False,429412d670d84bf78d9409a379d7966cca747873c546b2497a778cf161bdc74b,1285298,JPEG,3141,2333,assets/thumbs/file_d1cb502f648bf5ae.jpg,assets/previews/file_d1cb502f648bf5ae.jpg
file_e8cbd0aa11c86ae6,X:\My Drive\Projects\Beaumont Library District\historical photos\Beaumont historical photos for BLD\Mexican and other railroad workers\Beaumont train depot workers 1940s c.jpg,Beaumont train depot workers 1940s c.jpg,bld-historical-photos,70,False,538ec5ddd48e1f078c9c3e35c92fda4c0a160b7e3ba763f6b92cd54f182af3cb,3661468,JPEG,7058,4925,assets/thumbs/file_e8cbd0aa11c86ae6.jpg,assets/previews/file_e8cbd0aa11c86ae6.jpg
file_e98605c0e18987a8,X:\My Drive\Projects\Beaumont Library District\historical photos\Beaumont historical photos for BLD\Mexican and other railroad workers\Railroad workers Luis Estrada fourth from right.jpg,Railroad workers Luis Estrada fourth from right.jpg,bld-historical-photos,70,False,8122b58856bfbaac9cf9dbbd5b53aa98eb8faf7a9afffcf0082cadbd1fc71549,2932989,JPEG,5954,4085,assets/thumbs/file_e98605c0e18987a8.jpg,assets/previews/file_e98605c0e18987a8.jpg
file_7d7e2a73af6edba6,X:\My Drive\Projects\Beaumont Library District\historical photos\Beaumont historical photos for BLD\Mexican and other railroad workers\railroad workers with steam locomotives at Beaumont Train Depot 1890s from Banning Library District.jpg,railroad workers with steam locomotives at Beaumont Train Depot 1890s from Banning Library District.jpg,bld-historical-photos,70,False,e99002fbc0634361ecd556153cfaf309310f30b4c4467fa028c817544dc413f1,56525,JPEG,500,335,assets/thumbs/file_7d7e2a73af6edba6.jpg,assets/previews/file_7d7e2a73af6edba6.jpg
file_e35ca42b8a1d7d6a,X:\My Drive\Projects\Beaumont Library District\historical photos\Beaumont historical photos for BLD\Mexican and other railroad workers\Railworkers Luis Estrada far right.JPG,Railworkers Luis Estrada far right.JPG,bld-historical-photos,70,False,ea1904bb9ecedbc4ef5f2edf010f94e2ef077af5209060994a74f013800a75af,855758,JPEG,2000,1500,assets/thumbs/file_e35ca42b8a1d7d6a.jpg,assets/previews/file_e35ca42b8a1d7d6a.jpg
file_3cbc80678b732e4f,X:\My Drive\Projects\Beaumont Library District\historical photos\Beaumont historical photos for BLD\motels cafes gas stations\6th St. fr 1946 Bmt High yearbook donated by Leslie Rios 11-2020.jpg,6th St. fr 1946 Bmt High yearbook donated by Leslie Rios 11-2020.jpg,bld-historical-photos,70,False,92feff274a6596ff0d86d3dbeced9423275e8e6dbee21a25683ebd893242c784,2749293,JPEG,4032,3024,assets/thumbs/file_3cbc80678b732e4f.jpg,assets/previews/file_3cbc80678b732e4f.jpg
file_97aa678bba8be144,X:\My Drive\Projects\Beaumont Library District\historical photos\Beaumont historical photos for BLD\motels cafes gas stations\cafe on Sixth Street-Hwy 60 70 99.jpg,cafe on Sixth Street-Hwy 60 70 99.jpg,bld-historical-photos,70,False,c87ddd064197cd5937accc8d97c722065bc0a2dd1c623d362d36005c9b680c25,1171624,JPEG,3280,2006,assets/thumbs/file_97aa678bba8be144.jpg,assets/previews/file_97aa678bba8be144.jpg
file_317a1de08a125a26,X:\My Drive\Projects\Beaumont Library District\historical photos\Beaumont historical photos for BLD\motels cafes gas stations\Desert Outpost Cafe west entrance to city photo taken from atop the arch.jpg,Desert Outpost Cafe west entrance to city photo taken from atop the arch.jpg,bld-historical-photos,70,False,4e1437e9ed5eab4358b079ddd2196e50b8e56986858775c1fc17ebf90ec03a9b,453384,JPEG,1040,610,assets/thumbs/file_317a1de08a125a26.jpg,assets/previews/file_317a1de08a125a26.jpg
file_13dd4107f7b81c06,X:\My Drive\Projects\Beaumont Library District\historical photos\Beaumont historical photos for BLD\motels cafes gas stations\El Rancho corner leslie rios postcard 5-22.jpg,El Rancho corner leslie rios postcard 5-22.jpg,bld-historical-photos,70,False,6e031d5fc0075bf91d46d24043b01939e3ee95a7c4ad4a399af1a98f439648a9,1194725,JPEG,3674,2237,assets/thumbs/file_13dd4107f7b81c06.jpg,assets/previews/file_13dd4107f7b81c06.jpg
file_7b454e842e087fbb,X:\My Drive\Projects\Beaumont Library District\historical photos\Beaumont historical photos for BLD\motels cafes gas stations\fireside inn postcard leslie rios 5-22.jpg,fireside inn postcard leslie rios 5-22.jpg,bld-historical-photos,70,False,bf409f4e1aa959eba9033e7283078c360a1bff7be4db916e8ac61f420ef19f7a,3693958,JPEG,3915,2230,assets/thumbs/file_7b454e842e087fbb.jpg,assets/previews/file_7b454e842e087fbb.jpg
file_452cc2ac57d61b31,X:\My Drive\Projects\Beaumont Library District\historical photos\Beaumont historical photos for BLD\motels cafes gas stations\Joe's Cafe strike side.jpg,Joe's Cafe strike side.jpg,bld-historical-photos,70,False,14e2eddbc0ee6814e8e4f0d6cf5f608b9e37eb37cd655b0841170da5e926c170,735363,JPEG,1597,1944,assets/thumbs/file_452cc2ac57d61b31.jpg,assets/previews/file_452cc2ac57d61b31.jpg
file_b7bb96ebb89b89d1,X:\My Drive\Projects\Beaumont Library District\historical photos\Beaumont historical photos for BLD\motels cafes gas stations\Nancy Motel postcard on ebay 9-2024.webp,Nancy Motel postcard on ebay 9-2024.webp,bld-historical-photos,70,False,6bea728b13a223eb9ef7792115af287965dd00abe0d66c84d33a981f22042467,137448,WEBP,1600,1200,assets/thumbs/file_b7bb96ebb89b89d1.jpg,assets/previews/file_b7bb96ebb89b89d1.jpg
file_531af6a631a3055e,X:\My Drive\Projects\Beaumont Library District\historical photos\Beaumont historical photos for BLD\motels cafes gas stations\Sam's Cafe courtesy Scott DeForge.jpg,Sam's Cafe courtesy Scott DeForge.jpg,bld-historical-photos,70,False,7f63baf58246682777ef41618b6281328fc3f2299917953b5a105c4425e73ba4,199802,JPEG,1024,836,assets/thumbs/file_531af6a631a3055e.jpg,assets/previews/file_531af6a631a3055e.jpg
file_48f58bffb83ef426,X:\My Drive\Projects\Beaumont Library District\historical photos\Beaumont historical photos for BLD\motels cafes gas stations\Sixth St. northside between Egan and California google 2019.png,Sixth St. northside between Egan and California google 2019.png,bld-historical-photos,70,False,7344e9a2025d5113a414614fdf599d204bc5078b66242fbdb459a234f674fc86,201401,PNG,624,152,assets/thumbs/file_48f58bffb83ef426.jpg,assets/previews/file_48f58bffb83ef426.jpg
file_5ba83821544ccfb8,X:\My Drive\Projects\Beaumont Library District\historical photos\Beaumont historical photos for BLD\motels cafes gas stations\sixth street photo from ebay 9-2024.webp,sixth street photo from ebay 9-2024.webp,bld-historical-photos,70,False,b0a4b97395325004149e71689558da10d5f4f616ae042b14d10fb6569c432b64,65942,WEBP,640,440,assets/thumbs/file_5ba83821544ccfb8.jpg,assets/previews/file_5ba83821544ccfb8.jpg
file_a14d2fb7a6183204,X:\My Drive\Projects\Beaumont Library District\historical photos\Beaumont historical photos for BLD\motels cafes gas stations\Sixth Street postcard ebay 9-2024 front.webp,Sixth Street postcard ebay 9-2024 front.webp,bld-historical-photos,70,False,ebedaf803462bdbca3e832b4553fed58399bfe33f1283cc0ff3663a41763a3b8,96276,WEBP,1536,1080,assets/thumbs/file_a14d2fb7a6183204.jpg,assets/previews/file_a14d2fb7a6183204.jpg
file_233e0c4e39dbef26,X:\My Drive\Projects\Beaumont Library District\historical photos\Beaumont historical photos for BLD\motels cafes gas stations\Sixth Street postcard.jpg,Sixth Street postcard.jpg,bld-historical-photos,70,False,5057ae4af84900ac757f3386e8d01ea916281e8e030f587e32175c84775164b5,740269,JPEG,2903,1762,assets/thumbs/file_233e0c4e39dbef26.jpg,assets/previews/file_233e0c4e39dbef26.jpg
file_af6d239026b69bac,X:\My Drive\Projects\Beaumont Library District\historical photos\Beaumont historical photos for BLD\motels cafes gas stations\sixth street with bus leslie rios postcard.jpg,sixth street with bus leslie rios postcard.jpg,bld-historical-photos,70,False,3023b829d07ac1c4a45f6582c7b1cfcbd06a736cb8fc70fd526649e27b4882dd,1203078,JPEG,3465,2275,assets/thumbs/file_af6d239026b69bac.jpg,assets/previews/file_af6d239026b69bac.jpg
file_8f8e84ad7d78cc43,X:\My Drive\Projects\Beaumont Library District\historical photos\Beaumont historical photos for BLD\motels cafes gas stations\Sixth Street with roller rink sign postcard leslie rios collection 5-22.jpg,Sixth Street with roller rink sign postcard leslie rios collection 5-22.jpg,bld-historical-photos,70,False,4efafecbd77f54633cc1f133cfcc8bb44afb78d101e8661d7951e6a9655090b5,3218158,JPEG,3774,2284,assets/thumbs/file_8f8e84ad7d78cc43.jpg,assets/previews/file_8f8e84ad7d78cc43.jpg
file_a63d0b540d8562dd,X:\My Drive\Projects\Beaumont Library District\historical photos\Beaumont historical photos for BLD\motels cafes gas stations\Triangle Gas Station as businesses Frasher postcard.jpg,Triangle Gas Station as businesses Frasher postcard.jpg,bld-historical-photos,70,False,162d81c652bea423eb0aa3fe845795a180ad1b099485f17322900aad06369735,172057,JPEG,1600,1074,assets/thumbs/file_a63d0b540d8562dd.jpg,assets/previews/file_a63d0b540d8562dd.jpg
file_799cb97fc805fb93,X:\My Drive\Projects\Beaumont Library District\historical photos\Beaumont historical photos for BLD\motels cafes gas stations\Triangle Gas Station Beaumont with attendants.jpg,Triangle Gas Station Beaumont with attendants.jpg,bld-historical-photos,70,False,bdf3f4f1f3cbcb12fb0b73e335b1366ad0a60eac11db51240f0abee8c5c4f4f5,166461,JPEG,1011,665,assets/thumbs/file_799cb97fc805fb93.jpg,assets/previews/file_799cb97fc805fb93.jpg
file_7a3b86bcab8d325e,X:\My Drive\Projects\Beaumont Library District\historical photos\Beaumont historical photos for BLD\motels cafes gas stations\triangle gas station today.jpg,triangle gas station today.jpg,bld-historical-photos,70,False,b91b7ecdd8999b6c7959e1962ee17fe51bab45c34e87c62e3814af0aae48a96b,1454598,JPEG,3264,2448,assets/thumbs/file_7a3b86bcab8d325e.jpg,assets/previews/file_7a3b86bcab8d325e.jpg
file_68b7d1dc6e698760,X:\My Drive\Projects\Beaumont Library District\historical photos\Beaumont historical photos for BLD\motels cafes gas stations\Triangle Gas Station.jpg,Triangle Gas Station.jpg,bld-historical-photos,70,False,33e4aa0e719e1b02340a8b0e8746ce25c99d635adc23785fef3b23e4034758e1,397704,JPEG,1024,652,assets/thumbs/file_68b7d1dc6e698760.jpg,assets/previews/file_68b7d1dc6e698760.jpg
file_428e1e7987afccf0,X:\My Drive\Projects\Beaumont Library District\historical photos\Beaumont historical photos for BLD\Old City Hall 500 Grace Ave\Beaumont City Hall 500 Grace Ave..jpg,Beaumont City Hall 500 Grace Ave..jpg,bld-historical-photos,70,False,dc7a08e22048372a058cd577732e5ce4900e63e3476f7c6357c0813ea95cf1cd,499063,JPEG,1024,743,assets/thumbs/file_428e1e7987afccf0.jpg,assets/previews/file_428e1e7987afccf0.jpg
file_458ce393733472ff,X:\My Drive\Projects\Beaumont Library District\historical photos\Beaumont historical photos for BLD\Old City Hall 500 Grace Ave\Beaumont City Hall Fire Station Police Station 500 Grace photo fr Karen Sumner Noordman rcvd 1-12-23 - Copy.jpg,Beaumont City Hall Fire Station Police Station 500 Grace photo fr Karen Sumner Noordman rcvd 1-12-23 - Copy.jpg,bld-historical-photos,70,False,3b22ce47435805aa52ab2715c01d2ca2915d8199330117e2cf7b36020d85370e,159585,JPEG,1408,876,assets/thumbs/file_458ce393733472ff.jpg,assets/previews/file_458ce393733472ff.jpg
file_c8bb00049f7ff016,X:\My Drive\Projects\Beaumont Library District\historical photos\Beaumont historical photos for BLD\Old City Hall 500 Grace Ave\Beaumont City Hall Grace Ave..jpeg,Beaumont City Hall Grace Ave..jpeg,bld-historical-photos,70,False,b12fed455d72f128e6dab65a7afa605ddd44b08df9ae15b1a3fab4fbe9ea4eab,47397,JPEG,500,363,assets/thumbs/file_c8bb00049f7ff016.jpg,assets/previews/file_c8bb00049f7ff016.jpg
file_a1ce9d35619c4bcf,"X:\My Drive\Projects\Beaumont Library District\historical photos\Beaumont historical photos for BLD\Old City Hall 500 Grace Ave\from fb 12-16-20 Courtesy of the Desert Sun,28 April 1939.jpg","from fb 12-16-20 Courtesy of the Desert Sun,28 April 1939.jpg",bld-historical-photos,70,False,0d92e3f989a3ac52f54fae28ae139b7c64559a2f902365cd6ecf32640918b600,139419,JPEG,699,393,assets/thumbs/file_a1ce9d35619c4bcf.jpg,assets/previews/file_a1ce9d35619c4bcf.jpg
file_cfa43292800e8de3,X:\My Drive\Projects\Beaumont Library District\historical photos\Beaumont historical photos for BLD\Old City Hall 500 Grace Ave\old city hall 1a.jpg,old city hall 1a.jpg,bld-historical-photos,70,False,9400d8ee1dd0f2f99e6dc767b6c1595a1f6e4cfe2a5551f20380387e66d822c6,119724,JPEG,836,460,assets/thumbs/file_cfa43292800e8de3.jpg,assets/previews/file_cfa43292800e8de3.jpg
file_24a2639d97872010,X:\My Drive\Projects\Beaumont Library District\historical photos\Beaumont historical photos for BLD\orchards\Beaumont orchards from Beaumont Library District.jpg,Beaumont orchards from Beaumont Library District.jpg,bld-historical-photos,70,False,e35aa8bda5117415b3bb7fbd39f14eabfa1124ccf7442b3dc630d0ea5d0d04b4,37413,JPEG,500,346,assets/thumbs/file_24a2639d97872010.jpg,assets/previews/file_24a2639d97872010.jpg
file_d923b711ccb067e3,X:\My Drive\Projects\Beaumont Library District\historical photos\Beaumont historical photos for BLD\Pauline Weaver\Pauline-Weaver.jpg,Pauline-Weaver.jpg,bld-historical-photos,70,False,9e5d5f8af62e6c959da7d6f7dc43b2dfb3f1757fdbd1a5e42ddf2c36aed4f195,14335,JPEG,188,268,assets/thumbs/file_d923b711ccb067e3.jpg,assets/previews/file_d923b711ccb067e3.jpg
file_1ce89b75e270288a,"X:\My Drive\Projects\Beaumont Library District\historical photos\Beaumont historical photos for BLD\Presbyterian Church 702 Euclid Ave\Beaumont Presbyterian Church in The daily Record-Gazetter, April 30, 1968.JPG","Beaumont Presbyterian Church in The daily Record-Gazetter, April 30, 1968.JPG",bld-historical-photos,70,False,d24ab51a4d4f61d3e09861c6a25a7b7f4ffff0ebbc9ad3ca6f74d1febc46e0fa,5229916,JPEG,4032,3024,assets/thumbs/file_1ce89b75e270288a.jpg,assets/previews/file_1ce89b75e270288a.jpg
file_d188fd618b565a75,X:\My Drive\Projects\Beaumont Library District\historical photos\Beaumont historical photos for BLD\Presbyterian Church 702 Euclid Ave\Beaumont Presbyterian Church.jpg,Beaumont Presbyterian Church.jpg,bld-historical-photos,70,False,251f91f7f874a5bd3965593efde579510118c029b3817caf87f004c13a238a6c,560977,JPEG,1024,662,assets/thumbs/file_d188fd618b565a75.jpg,assets/previews/file_d188fd618b565a75.jpg
file_987219cc2e404c3e,X:\My Drive\Projects\Beaumont Library District\historical photos\Beaumont historical photos for BLD\Presbyterian Church 702 Euclid Ave\presbyterian church 2.jpg,presbyterian church 2.jpg,bld-historical-photos,70,False,06d002490c989419c0289180de10d857f53f24e27872084f739f2c783b717562,47176,JPEG,388,266,assets/thumbs/file_987219cc2e404c3e.jpg,assets/previews/file_987219cc2e404c3e.jpg
file_49b8de2d50a971b2,X:\My Drive\Projects\Beaumont Library District\historical photos\Beaumont historical photos for BLD\Presbyterian Church 702 Euclid Ave\presbyterian church 2.png,presbyterian church 2.png,bld-historical-photos,70,False,be43f5dd6d5e388dd563699145bc75a21509db22cd7fa9683bdabef2b4393066,219280,PNG,388,266,assets/thumbs/file_49b8de2d50a971b2.jpg,assets/previews/file_49b8de2d50a971b2.jpg
file_bdff66cb2454d635,X:\My Drive\Projects\Beaumont Library District\historical photos\Beaumont historical photos for BLD\Presbyterian Church 702 Euclid Ave\Presbyterian Church interior.jpg,Presbyterian Church interior.jpg,bld-historical-photos,70,False,4c08addc6baa8bae29499326e165799928c92735f200b53775a83805a84496f6,135629,JPEG,940,694,assets/thumbs/file_bdff66cb2454d635.jpg,assets/previews/file_bdff66cb2454d635.jpg
file_7e4f22ff9127d8d0,X:\My Drive\Projects\Beaumont Library District\historical photos\Beaumont historical photos for BLD\Presbyterian Church 702 Euclid Ave\Presbyterian Church rocks.jpg,Presbyterian Church rocks.jpg,bld-historical-photos,70,False,a4c9e14f64d67b4036cd303f07287c622ec4897994974592058d3e70992d46cd,4352864,JPEG,3024,4032,assets/thumbs/file_7e4f22ff9127d8d0.jpg,assets/previews/file_7e4f22ff9127d8d0.jpg
file_0156cad8003afe82,X:\My Drive\Projects\Beaumont Library District\historical photos\Beaumont historical photos for BLD\Presbyterian Church 702 Euclid Ave\presbyterian church.jpg,presbyterian church.jpg,bld-historical-photos,70,False,75ea89b99a7dc143987215f121761b6cba72cf1d7b76d696e16aff178c3a27c1,34545,JPEG,400,362,assets/thumbs/file_0156cad8003afe82.jpg,assets/previews/file_0156cad8003afe82.jpg
file_6b2e95cdd7aeedbd,X:\My Drive\Projects\Beaumont Library District\historical photos\Beaumont historical photos for BLD\Ramona's\Christine and Gil Vargas Sr. a.jpg,Christine and Gil Vargas Sr. a.jpg,bld-historical-photos,70,False,e8812cd9ea8135d3137d386ddf2725bbceb0fe4600c97792c72887d55d66adfd,45024,JPEG,450,600,assets/thumbs/file_6b2e95cdd7aeedbd.jpg,assets/previews/file_6b2e95cdd7aeedbd.jpg
file_edbdb482accbce42,X:\My Drive\Projects\Beaumont Library District\historical photos\Beaumont historical photos for BLD\Ramona's\Christine and Gil Vargas Sr. b.jpg,Christine and Gil Vargas Sr. b.jpg,bld-historical-photos,70,False,8509a894bd725bf47c42b345e4fc2fd7bc111a1ed734812c0aef145652c86745,17736,JPEG,338,600,assets/thumbs/file_edbdb482accbce42.jpg,assets/previews/file_edbdb482accbce42.jpg
file_8bae3eb84d75a429,X:\My Drive\Projects\Beaumont Library District\historical photos\Beaumont historical photos for BLD\Ramona's\Christine and Gil Vargas Sr. c.jpg,Christine and Gil Vargas Sr. c.jpg,bld-historical-photos,70,False,a2766c5c39b49fdd244b3ad66759e5c12a9541b16b63fa6b0d24449594150b3a,28291,JPEG,338,600,assets/thumbs/file_8bae3eb84d75a429.jpg,assets/previews/file_8bae3eb84d75a429.jpg
file_4dbd69b37b339207,X:\My Drive\Projects\Beaumont Library District\historical photos\Beaumont historical photos for BLD\Ramona's\Gil Sr. and Christine Vargas Cherry Festival parade 5-31-25.JPG,Gil Sr. and Christine Vargas Cherry Festival parade 5-31-25.JPG,bld-historical-photos,70,False,81c3d66b25552820c916973b61367c0f731e5212a88ffe43e923354549b56717,1049944,MPO,1512,2016,assets/thumbs/file_4dbd69b37b339207.jpg,assets/previews/file_4dbd69b37b339207.jpg
file_7bb167aa6a484d60,X:\My Drive\Projects\Beaumont Library District\historical photos\Beaumont historical photos for BLD\Ramona's\Ramona and Frank Torres a.jpg,Ramona and Frank Torres a.jpg,bld-historical-photos,70,False,f4c608cefa8e642920e1249f4e38e0a3b8e5a34049571a05b864b45439cf92df,192298,JPEG,1536,2048,assets/thumbs/file_7bb167aa6a484d60.jpg,assets/previews/file_7bb167aa6a484d60.jpg
file_b603326f76bd8dc2,X:\My Drive\Projects\Beaumont Library District\historical photos\Beaumont historical photos for BLD\Ramona's\Ramona and Frank Torres b.jpg,Ramona and Frank Torres b.jpg,bld-historical-photos,70,False,4e4327a1135c7658e18fa06589a6585dd601ce0cd7acbdc19b553e82dbc7b0ca,33273,JPEG,488,960,assets/thumbs/file_b603326f76bd8dc2.jpg,assets/previews/file_b603326f76bd8dc2.jpg
file_5b2e71d9df4fdb8a,X:\My Drive\Projects\Beaumont Library District\historical photos\Beaumont historical photos for BLD\Ramona's\Ramona and Frank Torres c.jpg,Ramona and Frank Torres c.jpg,bld-historical-photos,70,False,9c827aece63a514003ccbb9e31dc3e787904ebd78bea76e521c0407409b44bb9,70647,JPEG,828,1792,assets/thumbs/file_5b2e71d9df4fdb8a.jpg,assets/previews/file_5b2e71d9df4fdb8a.jpg
file_08435134d3f77ad1,X:\My Drive\Projects\Beaumont Library District\historical photos\Beaumont historical photos for BLD\Ramona's\Ramona Torres.JPG,Ramona Torres.JPG,bld-historical-photos,70,False,43cb01b376be9077869b104f6b791b90763adba8b632da6fa5c4bd4ddde14053,1293151,MPO,2016,1512,assets/thumbs/file_08435134d3f77ad1.jpg,assets/previews/file_08435134d3f77ad1.jpg
file_2761cd44f87cf90e,X:\My Drive\Projects\Beaumont Library District\historical photos\Beaumont historical photos for BLD\Ramona's\Ramona's Mexican Cafe a.heic,Ramona's Mexican Cafe a.heic,bld-historical-photos,70,False,f7c60ecd200058eb93dbec5e4e03bb4a5b86f9f50a55483376d2c6aab86f710b,1022796,HEIC,512,512,assets/thumbs/file_2761cd44f87cf90e.jpg,assets/previews/file_2761cd44f87cf90e.jpg
file_8ee6272b42d01b50,X:\My Drive\Projects\Beaumont Library District\historical photos\Beaumont historical photos for BLD\Ramona's\Ramona's Mexican Cafe b.JPG,Ramona's Mexican Cafe b.JPG,bld-historical-photos,70,False,df8d176c82bd9c19b6665b8c307613cc3ec701bcc6ccd0c399ee993afffbd448,495160,MPO,2016,1512,assets/thumbs/file_8ee6272b42d01b50.jpg,assets/previews/file_8ee6272b42d01b50.jpg
file_c5b9b973672e177c,X:\My Drive\Projects\Beaumont Library District\historical photos\Beaumont historical photos for BLD\Ramona's\Ramona's Mexican Cafe brick facade.JPG,Ramona's Mexican Cafe brick facade.JPG,bld-historical-photos,70,False,38aec714e13760a13400b3cc6db07b3f9e10704ff9eb4d73e99130e74eed1e50,1338874,MPO,2016,1512,assets/thumbs/file_c5b9b973672e177c.jpg,assets/previews/file_c5b9b973672e177c.jpg
file_516adc6d0d5d4aa4,X:\My Drive\Projects\Beaumont Library District\historical photos\Beaumont historical photos for BLD\Ramona's\Ramona's Mexican Cafe c.jpg,Ramona's Mexican Cafe c.jpg,bld-historical-photos,70,False,1d0e0d802b4a2c8a3f1d681d97b93f5b1394ece886d5b6c1cdc40d47beb41862,127970,JPEG,1267,540,assets/thumbs/file_516adc6d0d5d4aa4.jpg,assets/previews/file_516adc6d0d5d4aa4.jpg
file_e7a7315138af86ed,X:\My Drive\Projects\Beaumont Library District\historical photos\Beaumont historical photos for BLD\Ramona's\Ramona's Mexican Cafe d.jpg,Ramona's Mexican Cafe d.jpg,bld-historical-photos,70,False,17a1cdb827c1791e5a4d2450e0cefc7637fdde7f28ab1e2efaba8864ea50045b,428097,JPEG,1536,2048,assets/thumbs/file_e7a7315138af86ed.jpg,assets/previews/file_e7a7315138af86ed.jpg
file_2ede6685d556e946,X:\My Drive\Projects\Beaumont Library District\historical photos\Beaumont historical photos for BLD\Ramona's\Ramona's Mexican Cafe e.jpg,Ramona's Mexican Cafe e.jpg,bld-historical-photos,70,False,48562c06f51c0fb650a21ce5778e3f77df0e9cb633dfd8301a23b9dfba5392a2,87482,JPEG,526,701,assets/thumbs/file_2ede6685d556e946.jpg,assets/previews/file_2ede6685d556e946.jpg
file_88fa5e2d2254e4ba,X:\My Drive\Projects\Beaumont Library District\historical photos\Beaumont historical photos for BLD\Ramona's\Ramona's Mexican Cafe f.jpg,Ramona's Mexican Cafe f.jpg,bld-historical-photos,70,False,0690b1473ea6c0a48e135d28e854d0dd3b26f0bfb89c52b28e69d1f08fe11fa8,1660742,JPEG,3229,2426,assets/thumbs/file_88fa5e2d2254e4ba.jpg,assets/previews/file_88fa5e2d2254e4ba.jpg
file_74d1a6ce54810273,X:\My Drive\Projects\Beaumont Library District\historical photos\Beaumont historical photos for BLD\Ramona's\Ramona's Mexican Cafe g.jpg,Ramona's Mexican Cafe g.jpg,bld-historical-photos,70,False,b6820eff24e0aa8b9ae957d2fd699cd31ed21c9fe19ee6034aed2aafde237f82,264686,JPEG,1536,2048,assets/thumbs/file_74d1a6ce54810273.jpg,assets/previews/file_74d1a6ce54810273.jpg
file_2f8cef0cad2bf56b,X:\My Drive\Projects\Beaumont Library District\historical photos\Beaumont historical photos for BLD\Ramona's\Ramona's Mexican Cafe h.jpg,Ramona's Mexican Cafe h.jpg,bld-historical-photos,70,False,78273d7065f2f700e4297c5080ea5ccfcdafd2819abedb2321c3215a168d10d7,287755,JPEG,1170,1341,assets/thumbs/file_2f8cef0cad2bf56b.jpg,assets/previews/file_2f8cef0cad2bf56b.jpg
file_d03a8393c46eea66,X:\My Drive\Projects\Beaumont Library District\historical photos\Beaumont historical photos for BLD\Ramona's\Ramona's Mexican Cafe i.JPG,Ramona's Mexican Cafe i.JPG,bld-historical-photos,70,False,cf5f582ebc837c1b27ca45b4189de5f710f4f0644c6c831b50ca873f67056106,1098820,MPO,2016,1512,assets/thumbs/file_d03a8393c46eea66.jpg,assets/previews/file_d03a8393c46eea66.jpg
file_962655806feabafc,X:\My Drive\Projects\Beaumont Library District\historical photos\Beaumont historical photos for BLD\Ramona's\Ramona's Mexican Cafe sombrero bushes.JPG,Ramona's Mexican Cafe sombrero bushes.JPG,bld-historical-photos,70,False,0526729cd4584765f74d3da2d6a4bb4ab338a3dc48a2d6c968488642699ae1ef,1065313,MPO,2016,1512,assets/thumbs/file_962655806feabafc.jpg,assets/previews/file_962655806feabafc.jpg
file_6192edb242c32eb0,X:\My Drive\Projects\Beaumont Library District\historical photos\Beaumont historical photos for BLD\Ramona's\Ramona’s Mexican Café Vargas family at Cherry Festival parade 5-31-25.JPG,Ramona’s Mexican Café Vargas family at Cherry Festival parade 5-31-25.JPG,bld-historical-photos,70,False,c4dd11387253368de1d7d6be6c24e8b68c21bf0369a300d2d1ea4bdf387f90f7,1385268,MPO,2016,1512,assets/thumbs/file_6192edb242c32eb0.jpg,assets/previews/file_6192edb242c32eb0.jpg
file_489876cff0b588c0,X:\My Drive\Projects\Beaumont Library District\historical photos\Beaumont historical photos for BLD\Ramona's\Vargas family of Ramona's Mexican Cafe Cherry Festival parade 5-31-25 2.JPG,Vargas family of Ramona's Mexican Cafe Cherry Festival parade 5-31-25 2.JPG,bld-historical-photos,70,False,9136c5754bfeddc4b5036d648b67f7506e51adc0856461b91a772387ee2c27fc,1537103,MPO,2016,1512,assets/thumbs/file_489876cff0b588c0.jpg,assets/previews/file_489876cff0b588c0.jpg
file_cb57134d370e82b9,X:\My Drive\Projects\Beaumont Library District\historical photos\Beaumont historical photos for BLD\Reznor Stewart and ranch and Stewart Sunnyslope Cemetery\Frank Laura May Clara Reznor Stewart at the Ranch in front of a barn.jpg,Frank Laura May Clara Reznor Stewart at the Ranch in front of a barn.jpg,bld-historical-photos,70,False,4c7ac33f9db0d79420c5e41a676669e4afbe2abad68eb612b8960684139d1146,1289209,JPEG,3251,2261,assets/thumbs/file_cb57134d370e82b9.jpg,assets/previews/file_cb57134d370e82b9.jpg
file_0ba8eb9ab1750422,X:\My Drive\Projects\Beaumont Library District\historical photos\Beaumont historical photos for BLD\Reznor Stewart and ranch and Stewart Sunnyslope Cemetery\Reznor Stewart date unknown a.JPG,Reznor Stewart date unknown a.JPG,bld-historical-photos,70,False,54684239079e33bfd490da9690dc036efe0556b27eccc59bed95c0b307e1505d,411111,JPEG,1248,1823,assets/thumbs/file_0ba8eb9ab1750422.jpg,assets/previews/file_0ba8eb9ab1750422.jpg
file_9f74697e7d047f49,X:\My Drive\Projects\Beaumont Library District\historical photos\Beaumont historical photos for BLD\Reznor Stewart and ranch and Stewart Sunnyslope Cemetery\Reznor Stewart date unknown b.JPG,Reznor Stewart date unknown b.JPG,bld-historical-photos,70,False,00c1b29b69e541b3ef6ec89ca0850c4149ce32d26381751224f8eb9bdf14888f,184642,JPEG,795,1321,assets/thumbs/file_9f74697e7d047f49.jpg,assets/previews/file_9f74697e7d047f49.jpg
file_08ae72570afb10b3,X:\My Drive\Projects\Beaumont Library District\historical photos\Beaumont historical photos for BLD\Reznor Stewart and ranch and Stewart Sunnyslope Cemetery\Reznor Stewart date unknown c.jpg,Reznor Stewart date unknown c.jpg,bld-historical-photos,70,False,8f614b1a9da3d615d040d6b15f65b502658f05f6aca933e0533c4902c741696a,4470635,JPEG,2406,3637,assets/thumbs/file_08ae72570afb10b3.jpg,assets/previews/file_08ae72570afb10b3.jpg
file_0a2ee1e5fc910c7f,X:\My Drive\Projects\Beaumont Library District\historical photos\Beaumont historical photos for BLD\Reznor Stewart and ranch and Stewart Sunnyslope Cemetery\Reznor Stewart on a horse and daughter Laura May Stewart at the wheel on Stewart Ranch.jpg,Reznor Stewart on a horse and daughter Laura May Stewart at the wheel on Stewart Ranch.jpg,bld-historical-photos,70,False,72c0a8e123ee6ba53a98d7f3ce9493e7cfaf41bd78404dccc2d7d19ac49a891e,55218,JPEG,720,614,assets/thumbs/file_0a2ee1e5fc910c7f.jpg,assets/previews/file_0a2ee1e5fc910c7f.jpg
file_280fb5683afe1574,X:\My Drive\Projects\Beaumont Library District\historical photos\Beaumont historical photos for BLD\Reznor Stewart and ranch and Stewart Sunnyslope Cemetery\Reznor Stewart.jpg,Reznor Stewart.jpg,bld-historical-photos,70,False,2267e30b2a253ff3009a7faceb7b58647d38da47d694bf9033d28b4458de1cb5,24694,JPEG,358,480,assets/thumbs/file_280fb5683afe1574.jpg,assets/previews/file_280fb5683afe1574.jpg
file_6db26e5fb33d90bf,X:\My Drive\Projects\Beaumont Library District\historical photos\Beaumont historical photos for BLD\Reznor Stewart and ranch and Stewart Sunnyslope Cemetery\Stewart Ranch equipment undated photo a.jpg,Stewart Ranch equipment undated photo a.jpg,bld-historical-photos,70,False,5ab1aff6d37cbe4399b41b3beb0ee43257b193a67049eef9c4ce37115d52fdc8,2194298,JPEG,3952,2501,assets/thumbs/file_6db26e5fb33d90bf.jpg,assets/previews/file_6db26e5fb33d90bf.jpg
file_24e06bf6d568fa7e,X:\My Drive\Projects\Beaumont Library District\historical photos\Beaumont historical photos for BLD\Reznor Stewart and ranch and Stewart Sunnyslope Cemetery\Stewart Ranch equipment undated photo b.jpg,Stewart Ranch equipment undated photo b.jpg,bld-historical-photos,70,False,99fcab6cb3879f732a33c8502401c6314d2d33fc0cbe968ffd699d57cf0489fd,1869175,JPEG,4032,3024,assets/thumbs/file_24e06bf6d568fa7e.jpg,assets/previews/file_24e06bf6d568fa7e.jpg
file_65cf206eb07e504a,X:\My Drive\Projects\Beaumont Library District\historical photos\Beaumont historical photos for BLD\Reznor Stewart and ranch and Stewart Sunnyslope Cemetery\Stewart Sunnylope Cemetery google image 5-15-20.png,Stewart Sunnylope Cemetery google image 5-15-20.png,bld-historical-photos,70,False,6f33cdc14d6e8ec9fd509440018ddd3e3961b9a179f96b14026781c27d6866cf,1912654,PNG,1402,764,assets/thumbs/file_65cf206eb07e504a.jpg,assets/previews/file_65cf206eb07e504a.jpg
file_76be1ca31232a65c,X:\My Drive\Projects\Beaumont Library District\historical photos\Beaumont historical photos for BLD\Reznor Stewart and ranch and Stewart Sunnyslope Cemetery\Stewart Sunnyslope Cemetery gate and Stewart family donationg more funds 1960s.jpg,Stewart Sunnyslope Cemetery gate and Stewart family donationg more funds 1960s.jpg,bld-historical-photos,70,False,339355d4ff8384585b4eaa371c6488fd2534b774266572b9fbe95c5b3bd16b54,2359630,JPEG,3024,4032,assets/thumbs/file_76be1ca31232a65c.jpg,assets/previews/file_76be1ca31232a65c.jpg
file_02761f9991fc3a09,X:\My Drive\Projects\Beaumont Library District\historical photos\Beaumont historical photos for BLD\Reznor Stewart and ranch and Stewart Sunnyslope Cemetery\Stewart Sunnyslope gate 2020.jpg,Stewart Sunnyslope gate 2020.jpg,bld-historical-photos,70,False,e9ca74c53854122f9279fa4a7d439e00ea4ff693c9fe292747d4d01d8a8eb263,3264450,JPEG,4032,3024,assets/thumbs/file_02761f9991fc3a09.jpg,assets/previews/file_02761f9991fc3a09.jpg
file_1c71fbd87237aa10,X:\My Drive\Projects\Beaumont Library District\historical photos\Beaumont historical photos for BLD\Reznor Stewart and ranch and Stewart Sunnyslope Cemetery\Sunnyslope cemetery Daily Record Gazette 4-30-68.jpg,Sunnyslope cemetery Daily Record Gazette 4-30-68.jpg,bld-historical-photos,70,False,6a7487adaad04034ecb98313a1d7eb380e6ddb02dd7bbe450dda1667cca74bff,2219473,JPEG,3688,2038,assets/thumbs/file_1c71fbd87237aa10.jpg,assets/previews/file_1c71fbd87237aa10.jpg
file_b0012d04cf56a615,X:\My Drive\Projects\Beaumont Library District\historical photos\Beaumont historical photos for BLD\Sacred Heart Catholic Parish\Barrio Church Sacred Heart Parish 1 fr Grace Granados 6-25.JPG,Barrio Church Sacred Heart Parish 1 fr Grace Granados 6-25.JPG,bld-historical-photos,70,False,3bc574a060873898a3f512a5c6255be8b716216c8d77a8a51324bafdf362d9e2,460895,JPEG,1094,1766,assets/thumbs/file_b0012d04cf56a615.jpg,assets/previews/file_b0012d04cf56a615.jpg
file_650df043e5e2e4aa,X:\My Drive\Projects\Beaumont Library District\historical photos\Beaumont historical photos for BLD\Sacred Heart Catholic Parish\Sacred Heart barrio Church 2018 a.jpg,Sacred Heart barrio Church 2018 a.jpg,bld-historical-photos,70,False,622f4a602d534f880e1b5f19f4793d2ba2fd614fc2a9106893f87d198c6e9f06,1602865,JPEG,3279,2623,assets/thumbs/file_650df043e5e2e4aa.jpg,assets/previews/file_650df043e5e2e4aa.jpg
file_311496574ea50f4b,X:\My Drive\Projects\Beaumont Library District\historical photos\Beaumont historical photos for BLD\Sacred Heart Catholic Parish\Sacred Heart Barrio church 2018 b.JPG,Sacred Heart Barrio church 2018 b.JPG,bld-historical-photos,70,False,2e3a1bbc3681803c0cde88f77dcd18df9e16245843e39bf754a3ae987f6cdccc,4375170,JPEG,4032,3024,assets/thumbs/file_311496574ea50f4b.jpg,assets/previews/file_311496574ea50f4b.jpg
file_303abfacea1d519e,X:\My Drive\Projects\Beaumont Library District\historical photos\Beaumont historical photos for BLD\Sacred Heart Catholic Parish\Sacred Heart Barrio Church 2018 c.JPG,Sacred Heart Barrio Church 2018 c.JPG,bld-historical-photos,70,False,c15c61508bb0b47e49a1d9e00e063146d5dac6880c6472dc96b8a02721e2a159,4348012,JPEG,4032,3024,assets/thumbs/file_303abfacea1d519e.jpg,assets/previews/file_303abfacea1d519e.jpg
file_fafde45cd234f453,X:\My Drive\Projects\Beaumont Library District\historical photos\Beaumont historical photos for BLD\Sacred Heart Catholic Parish\Sacred Heart Barrio Church from Leslie Rios.jpg,Sacred Heart Barrio Church from Leslie Rios.jpg,bld-historical-photos,70,False,9dacf9424a0db471b40bd5b7d8e37ecb4c3dece18d63399b8762b4091481e88c,8178548,JPEG,8258,5670,assets/thumbs/file_fafde45cd234f453.jpg,assets/previews/file_fafde45cd234f453.jpg
file_55c38de4a6fa113a,X:\My Drive\Projects\Beaumont Library District\historical photos\Beaumont historical photos for BLD\Sacred Heart Catholic Parish\Sared Heart Parish in Beaumont Barrio date unknown.jpg,Sared Heart Parish in Beaumont Barrio date unknown.jpg,bld-historical-photos,70,False,582892ec0286882b290b0916b9f97e66abcd96135cf68ec3a617ca2aaf00e0c8,838076,JPEG,2772,2218,assets/thumbs/file_55c38de4a6fa113a.jpg,assets/previews/file_55c38de4a6fa113a.jpg
file_83556585bdb29b76,X:\My Drive\Projects\Beaumont Library District\historical photos\Beaumont historical photos for BLD\second Bank of Beaumont Fifth St and California Ave (1)\Bank of Beaumont engraving front.JPG,Bank of Beaumont engraving front.JPG,bld-historical-photos,70,False,506daf559d4b5be3c621f0a1ad49d363029cd49f5aff92c34721f94825f0ad55,1094329,JPEG,3264,2448,assets/thumbs/file_83556585bdb29b76.jpg,assets/previews/file_83556585bdb29b76.jpg
file_7f11fe20c7a97c4d,X:\My Drive\Projects\Beaumont Library District\historical photos\Beaumont historical photos for BLD\second Bank of Beaumont Fifth St and California Ave (1)\Bank of Beaumont Fifth St. and Egan Ave. from Banning Library District - Copy.jpg,Bank of Beaumont Fifth St. and Egan Ave. from Banning Library District - Copy.jpg,bld-historical-photos,70,False,17e9081c5f743a698f6ad58c1f93611c8aaec2b836b6fb75341fef5e19e0e312,559362,JPEG,1024,733,assets/thumbs/file_7f11fe20c7a97c4d.jpg,assets/previews/file_7f11fe20c7a97c4d.jpg
file_fca09367fcdc9efc,X:\My Drive\Projects\Beaumont Library District\historical photos\Beaumont historical photos for BLD\second Bank of Beaumont Fifth St and California Ave (1)\Bank of Beaumont today.JPG,Bank of Beaumont today.JPG,bld-historical-photos,70,False,fda99687a050b398ac16f51864a375dac684c7bc1f2aed1091c7c2b77c000d9b,1725400,JPEG,3264,2448,assets/thumbs/file_fca09367fcdc9efc.jpg,assets/previews/file_fca09367fcdc9efc.jpg
file_4eaf98e369eb1487,X:\My Drive\Projects\Beaumont Library District\historical photos\Beaumont historical photos for BLD\second Bank of Beaumont Fifth St and California Ave (1)\second Bank of Beaumont from Beaumont Library District.jpg,second Bank of Beaumont from Beaumont Library District.jpg,bld-historical-photos,70,False,39329f981750446a5dfc2634fbd037c8484eddbfee71a12cff81a0f67ba268b2,68499,JPEG,500,401,assets/thumbs/file_4eaf98e369eb1487.jpg,assets/previews/file_4eaf98e369eb1487.jpg
file_90dd5b73213d0852,X:\My Drive\Projects\Beaumont Library District\historical photos\Beaumont historical photos for BLD\second Bank of Beaumont Fifth St and California Ave\Bank of Beaumont engraving front.JPG,Bank of Beaumont engraving front.JPG,bld-historical-photos,70,False,506daf559d4b5be3c621f0a1ad49d363029cd49f5aff92c34721f94825f0ad55,1094329,JPEG,3264,2448,assets/thumbs/file_90dd5b73213d0852.jpg,assets/previews/file_90dd5b73213d0852.jpg
file_a4205a479cd146be,X:\My Drive\Projects\Beaumont Library District\historical photos\Beaumont historical photos for BLD\second Bank of Beaumont Fifth St and California Ave\Bank of Beaumont Fifth St. and Egan Ave. from Banning Library District - Copy.jpg,Bank of Beaumont Fifth St. and Egan Ave. from Banning Library District - Copy.jpg,bld-historical-photos,70,False,17e9081c5f743a698f6ad58c1f93611c8aaec2b836b6fb75341fef5e19e0e312,559362,JPEG,1024,733,assets/thumbs/file_a4205a479cd146be.jpg,assets/previews/file_a4205a479cd146be.jpg
file_c2c7f16dbc3a4d7c,X:\My Drive\Projects\Beaumont Library District\historical photos\Beaumont historical photos for BLD\second Bank of Beaumont Fifth St and California Ave\Bank of Beaumont today.JPG,Bank of Beaumont today.JPG,bld-historical-photos,70,False,fda99687a050b398ac16f51864a375dac684c7bc1f2aed1091c7c2b77c000d9b,1725400,JPEG,3264,2448,assets/thumbs/file_c2c7f16dbc3a4d7c.jpg,assets/previews/file_c2c7f16dbc3a4d7c.jpg
file_552f018ecc2f9154,X:\My Drive\Projects\Beaumont Library District\historical photos\Beaumont historical photos for BLD\second Bank of Beaumont Fifth St and California Ave\second Bank of Beaumont from Beaumont Library District.jpg,second Bank of Beaumont from Beaumont Library District.jpg,bld-historical-photos,70,False,39329f981750446a5dfc2634fbd037c8484eddbfee71a12cff81a0f67ba268b2,68499,JPEG,500,401,assets/thumbs/file_552f018ecc2f9154.jpg,assets/previews/file_552f018ecc2f9154.jpg
file_68f9b77b766bbd26,X:\My Drive\Projects\Beaumont Library District\historical photos\Beaumont historical photos for BLD\Smoot\Jane Eyer Smoot 1859-1935.jpg,Jane Eyer Smoot 1859-1935.jpg,bld-historical-photos,70,False,17b0ea161ac947cb6070f95148d3b821fa707c7069f67e8351cb96ca171d5a55,541709,JPEG,2048,2048,assets/thumbs/file_68f9b77b766bbd26.jpg,assets/previews/file_68f9b77b766bbd26.jpg
file_626ce508cfa65cad,X:\My Drive\Projects\Beaumont Library District\historical photos\Beaumont historical photos for BLD\Smoot\Jane Eyer Smoot.jpeg,Jane Eyer Smoot.jpeg,bld-historical-photos,70,False,a255ea36f57d97423e000e8a6a1bafcce3d761e5920043966ce7aa32720239ab,13774,JPEG,285,291,assets/thumbs/file_626ce508cfa65cad.jpg,assets/previews/file_626ce508cfa65cad.jpg
file_53bc7016a42f5ad8,"X:\My Drive\Projects\Beaumont Library District\historical photos\Beaumont historical photos for BLD\Smoot\Kenneth Russell Smoot, 1857-1932,  and Jane Eyer Smoot.jpeg","Kenneth Russell Smoot, 1857-1932,  and Jane Eyer Smoot.jpeg",bld-historical-photos,70,False,5dd65d6c5ba70f9abff7fd1ff3a005ad67c57ca31ceb8683c54b12d94fd1af28,16497,JPEG,295,295,assets/thumbs/file_53bc7016a42f5ad8.jpg,assets/previews/file_53bc7016a42f5ad8.jpg
file_ceb01d2bf31597cc,X:\My Drive\Projects\Beaumont Library District\historical photos\Beaumont historical photos for BLD\Summit House\Summit House 1911 calisphere.jpg,Summit House 1911 calisphere.jpg,bld-historical-photos,70,False,2baabbd2afea36c238f336dafe79bfd2ea0d8cb8ec530e91bb8f8fa31f0369ad,632405,JPEG,1024,762,assets/thumbs/file_ceb01d2bf31597cc.jpg,assets/previews/file_ceb01d2bf31597cc.jpg
file_38b8bb767f7caa77,X:\My Drive\Projects\Beaumont Library District\historical photos\Beaumont historical photos for BLD\Summit House\Summit House Banning Library District 1890s.jpg,Summit House Banning Library District 1890s.jpg,bld-historical-photos,70,False,7879313d6c059db9bd62765c24f42a1b69539c9c08e702c3ce6ff8213fe63643,64973,JPEG,500,337,assets/thumbs/file_38b8bb767f7caa77.jpg,assets/previews/file_38b8bb767f7caa77.jpg
file_71f21604261a3fb1,X:\My Drive\Projects\Beaumont Library District\historical photos\Beaumont historical photos for BLD\Summit House\Summit House in Beaumont from Beaumont Library District.jpg,Summit House in Beaumont from Beaumont Library District.jpg,bld-historical-photos,70,False,dd78892ee19bd9c3802fd3ff06aec451a8493c2cf1ae9b377966e1e0dcc8f56d,127966,JPEG,895,574,assets/thumbs/file_71f21604261a3fb1.jpg,assets/previews/file_71f21604261a3fb1.jpg
file_a40f578aada259a5,X:\My Drive\Projects\Beaumont Library District\historical photos\Beaumont historical photos for BLD\Summit School\Former Summit School 2024.jpg,Former Summit School 2024.jpg,bld-historical-photos,70,False,e6e004e4e95633795359e4d23dad4c82501f22fda2d876d5c1bc078851940d68,736040,JPEG,2016,1512,assets/thumbs/file_a40f578aada259a5.jpg,assets/previews/file_a40f578aada259a5.jpg
file_a23f4e87a10aa974,X:\My Drive\Projects\Beaumont Library District\historical photos\Beaumont historical photos for BLD\Summit School\Summit School artist rendering.jpg,Summit School artist rendering.jpg,bld-historical-photos,70,False,2444b72eaed4b2bb9520df122d54857480e509368053ad9da9a1f3b61a4fc352,1100432,JPEG,4032,1838,assets/thumbs/file_a23f4e87a10aa974.jpg,assets/previews/file_a23f4e87a10aa974.jpg
file_684ec63f8685e196,X:\My Drive\Projects\Beaumont Library District\historical photos\Beaumont historical photos for BLD\Sunset Plaza Hotel\Sunset Plaza Hotel 4-28-25.JPG,Sunset Plaza Hotel 4-28-25.JPG,bld-historical-photos,70,False,427ef5684e739f6601cf0662018297ce047e11250a9c40445491fd6b1a20c14c,1065772,MPO,2016,1512,assets/thumbs/file_684ec63f8685e196.jpg,assets/previews/file_684ec63f8685e196.jpg
file_97a5832c0acf6f82,X:\My Drive\Projects\Beaumont Library District\historical photos\Beaumont historical photos for BLD\Sunset Plaza Hotel\sunset plaza hotel circa 1948 calisphere.jpg,sunset plaza hotel circa 1948 calisphere.jpg,bld-historical-photos,70,False,d1fab3fdf2acc09911c7aca0a75c505cd1a4d52840da8838e461e5a914252641,64400,JPEG,500,403,assets/thumbs/file_97a5832c0acf6f82.jpg,assets/previews/file_97a5832c0acf6f82.jpg
file_3a3798409f622149,X:\My Drive\Projects\Beaumont Library District\historical photos\Beaumont historical photos for BLD\WCTU Fountain\Beaumont Post Office and Dedication of the WTCU fountain 1910 a.jpg,Beaumont Post Office and Dedication of the WTCU fountain 1910 a.jpg,bld-historical-photos,70,False,0684f50407a8e18f553f5840205dce79b48650ca8bbcf720301d5c395614db4a,66163,JPEG,500,317,assets/thumbs/file_3a3798409f622149.jpg,assets/previews/file_3a3798409f622149.jpg
file_d96c38c681c8499a,X:\My Drive\Projects\Beaumont Library District\historical photos\Beaumont historical photos for BLD\WCTU Fountain\Beaumont Post Office and Dedication of the WTCU fountain 1910 b.jpg,Beaumont Post Office and Dedication of the WTCU fountain 1910 b.jpg,bld-historical-photos,70,False,8126e1cec02c3364aff5febe60a70d321f45c72fd78812af31c86a75b7a98d0d,91133,JPEG,600,392,assets/thumbs/file_d96c38c681c8499a.jpg,assets/previews/file_d96c38c681c8499a.jpg
file_70d8ee7615df2627,X:\My Drive\Projects\Beaumont Library District\historical photos\Beaumont historical photos for BLD\WCTU Fountain\triangle park google photo 3-16-22.jpg,triangle park google photo 3-16-22.jpg,bld-historical-photos,70,False,73ed90331b6c365d18fad48f2aa92728adde7e20760917c88fb438821f17a2c7,28892,JPEG,327,227,assets/thumbs/file_70d8ee7615df2627.jpg,assets/previews/file_70d8ee7615df2627.jpg
file_4f09772a1bb7c288,X:\My Drive\Projects\Beaumont Library District\historical photos\Beaumont historical photos for BLD\WCTU Fountain\WCTU Fountain dedication Dec. 25 1910 courtesy Leslie A. Rios III postcard collection.jpg,WCTU Fountain dedication Dec. 25 1910 courtesy Leslie A. Rios III postcard collection.jpg,bld-historical-photos,70,False,604610e9ec0abc06802959a26f8eabf89aa69f4de73969a1543e9a58ca5cd422,5775491,JPEG,6926,4236,assets/thumbs/file_4f09772a1bb7c288.jpg,assets/previews/file_4f09772a1bb7c288.jpg
file_08c3ada934612843,X:\My Drive\Projects\Beaumont Library District\historical photos\Beaumont historical photos for BLD\WCTU Fountain\WCTU Fountain in Triangle Park 1.JPG,WCTU Fountain in Triangle Park 1.JPG,bld-historical-photos,70,False,28081a0695f90e233a80072d4d8acd01ad6731add7a7bbd0a370357aa507472b,4741394,JPEG,3024,4032,assets/thumbs/file_08c3ada934612843.jpg,assets/previews/file_08c3ada934612843.jpg
file_857af43088f0964d,X:\My Drive\Projects\Beaumont Library District\historical photos\Beaumont historical photos for BLD\WCTU Fountain\WCTU Fountain in Triangle Park 2.JPG,WCTU Fountain in Triangle Park 2.JPG,bld-historical-photos,70,False,303124e445966ead2231448bd15d34c05c73cd6270644624c2b3b1b05f953750,5071888,JPEG,3024,4032,assets/thumbs/file_857af43088f0964d.jpg,assets/previews/file_857af43088f0964d.jpg
file_ff4eedae9c14d622,X:\My Drive\Projects\Beaumont Library District\historical photos\Beaumont historical photos for BLD\WCTU Fountain\WCTU Fountain in Triangle Park 3.JPG,WCTU Fountain in Triangle Park 3.JPG,bld-historical-photos,70,False,14fd747a8e74e6b0c6bb3da049eef976e55217f0b7fc7179624c60791ddebe40,6202060,JPEG,3024,4032,assets/thumbs/file_ff4eedae9c14d622.jpg,assets/previews/file_ff4eedae9c14d622.jpg
file_c860b7bfd3705839,X:\My Drive\Projects\Beaumont Library District\historical photos\Beaumont historical photos for BLD\WCTU Fountain\WCTU Fountain in Triangle Park 4.JPG,WCTU Fountain in Triangle Park 4.JPG,bld-historical-photos,70,False,0ff57864b1ed35e7622751a9f7643852bc6e6328712102620b793116c7acd755,4140892,JPEG,4032,3024,assets/thumbs/file_c860b7bfd3705839.jpg,assets/previews/file_c860b7bfd3705839.jpg
file_a662c780fca25927,X:\My Drive\Projects\Beaumont Library District\historical photos\Beaumont historical photos for BLD\WCTU Fountain\WCTU Fountain in Triangle Park 5.JPG,WCTU Fountain in Triangle Park 5.JPG,bld-historical-photos,70,False,37d416db59ec6a2a51b3a183220dcf222b7b6e0fb80e1fd2d9a0b8cc5bd061d9,3276715,JPEG,3024,4032,assets/thumbs/file_a662c780fca25927.jpg,assets/previews/file_a662c780fca25927.jpg
file_86c4384cc2ebd0b4,X:\My Drive\Projects\Beaumont Library District\historical photos\Beaumont historical photos for BLD\WCTU Fountain\WCTU Fountain in Triangle Park 6.JPG,WCTU Fountain in Triangle Park 6.JPG,bld-historical-photos,70,False,3e9affdc228c948b45deb66652f18f470a1f6e512ff5b8f87f626dfc0d15c0a9,4920360,JPEG,4032,3024,assets/thumbs/file_86c4384cc2ebd0b4.jpg,assets/previews/file_86c4384cc2ebd0b4.jpg
file_181707e64e6ab4fe,X:\My Drive\Projects\Beaumont Library District\historical photos\Beaumont historical photos for BLD\WCTU Fountain\WCTU Fountain sitting next to Bank of Beaumont at Fifth St. and Egan Ave. CLOSE UP.jpg,WCTU Fountain sitting next to Bank of Beaumont at Fifth St. and Egan Ave. CLOSE UP.jpg,bld-historical-photos,70,False,bc3e4448bc2b5acd56c9ba588bd4320de9ab998a9a6730b73ff54688de60c67c,37017,JPEG,395,319,assets/thumbs/file_181707e64e6ab4fe.jpg,assets/previews/file_181707e64e6ab4fe.jpg
file_0a06d6ae0cdf3536,X:\My Drive\Projects\Beaumont Library District\historical photos\Beaumont historical photos for BLD\WCTU Fountain\WCTU Fountain sitting next to Bank of Beaumont at Fifth St. and Egan Ave..jpg,WCTU Fountain sitting next to Bank of Beaumont at Fifth St. and Egan Ave..jpg,bld-historical-photos,70,False,17e9081c5f743a698f6ad58c1f93611c8aaec2b836b6fb75341fef5e19e0e312,559362,JPEG,1024,733,assets/thumbs/file_0a06d6ae0cdf3536.jpg,assets/previews/file_0a06d6ae0cdf3536.jpg
file_9ce94f718fa52778,X:\My Drive\Projects\Beaumont Library District\historical photos\Beaumont historical photos for BLD\Wellwood School\Wellwood school built in 1921.jpg,Wellwood school built in 1921.jpg,bld-historical-photos,70,False,d2c0caaab9face9c1029e6ba9695cf4f257645aefb4b6115f7e73fbccdc72d12,456863,JPEG,1600,1304,assets/thumbs/file_9ce94f718fa52778.jpg,assets/previews/file_9ce94f718fa52778.jpg
file_a9c390e28cd46575,X:\My Drive\Projects\Beaumont Library District\historical photos\Beaumont historical photos for BLD\Wellwood School\Wellwood School House old building.jpg,Wellwood School House old building.jpg,bld-historical-photos,70,False,649f2767dbc480bd1e5c4627fa2747fa93d960a277301192a2e66c6e7e3b61ff,940433,JPEG,3325,2071,assets/thumbs/file_a9c390e28cd46575.jpg,assets/previews/file_a9c390e28cd46575.jpg
file_730cc37e79756b8f,X:\My Drive\Projects\Beaumont Library District\historical photos\Beaumont historical photos for BLD\Wellwood School\Wellwood School kindergarten class 1971-72.jpeg,Wellwood School kindergarten class 1971-72.jpeg,bld-historical-photos,70,False,775cb79197361d9df8bcdacc6d9f192d6f357327ade4d9803919d4796dd9eaa0,516641,JPEG,1600,1068,assets/thumbs/file_730cc37e79756b8f.jpg,assets/previews/file_730cc37e79756b8f.jpg
file_6ab6468fa53e580c,X:\My Drive\Projects\Beaumont Library District\historical photos\Beaumont historical photos for BLD\Wellwood School\Wellwood school old building 1890-1893 - Copy.jpg,Wellwood school old building 1890-1893 - Copy.jpg,bld-historical-photos,70,False,5d409187aacce4ad385b4702bc857fb0d5c6128d3dfe15e85edcd7fe95bea6f5,1406280,JPEG,3594,2227,assets/thumbs/file_6ab6468fa53e580c.jpg,assets/previews/file_6ab6468fa53e580c.jpg
file_675df01bfdf374a4,X:\My Drive\Projects\Beaumont Library District\historical photos\Beaumont historical photos for BLD\Wellwood School\Wellwood school old building circa 1916-17.jpg,Wellwood school old building circa 1916-17.jpg,bld-historical-photos,70,False,4f3710f0bc0ce0e4cf8441c2f06a10855818dab7441a6b5ffb6baba74c312c0f,3107603,JPEG,4032,3024,assets/thumbs/file_675df01bfdf374a4.jpg,assets/previews/file_675df01bfdf374a4.jpg
file_f74f9d635744fa37,X:\My Drive\Projects\Beaumont Library District\historical photos\Beaumont historical photos for BLD\Wellwood School\Wellwood School soon after it was built in 1921 from Beaumont Library District - Copy.jpg,Wellwood School soon after it was built in 1921 from Beaumont Library District - Copy.jpg,bld-historical-photos,70,False,0423be5679015e8a17725147073ae25a59595cd8f2f1acbd46632cace8f782b6,40167,JPEG,500,357,assets/thumbs/file_f74f9d635744fa37.jpg,assets/previews/file_f74f9d635744fa37.jpg
file_6e5ed50d03e58e6f,X:\My Drive\Projects\Beaumont Library District\historical photos\Mural Images\1800 Ceremonial Big House morongo.jpeg,1800 Ceremonial Big House morongo.jpeg,historical-photos,50,False,78a532ce0f78e39ea6b3bdd608aab62fb2ac03e028ce20c7b9917494c18e888c,10011,JPEG,253,199,assets/thumbs/file_6e5ed50d03e58e6f.jpg,assets/previews/file_6e5ed50d03e58e6f.jpg
file_d75b203f43f9a57d,X:\My Drive\Projects\Beaumont Library District\historical photos\Mural Images\1860s stagecoach downtown Beaumont.jpeg,1860s stagecoach downtown Beaumont.jpeg,historical-photos,50,False,dcbbaa9a116fac6f2b556cb087207904cf771ab053d37acee5f341fe554f5296,67494,JPEG,500,335,assets/thumbs/file_d75b203f43f9a57d.jpg,assets/previews/file_d75b203f43f9a57d.jpg
file_95ff3cedf793cbb3,X:\My Drive\Projects\Beaumont Library District\historical photos\Mural Images\1875 Railroad Depot.jpeg,1875 Railroad Depot.jpeg,historical-photos,50,False,f9862f2049a832c940e0c103f9ae2aba5a783ecc09637e3231c25fe755e4f468,72511,JPEG,500,406,assets/thumbs/file_95ff3cedf793cbb3.jpg,assets/previews/file_95ff3cedf793cbb3.jpg
file_9f174ea9dfd23a06,X:\My Drive\Projects\Beaumont Library District\historical photos\Mural Images\1879 Post office.jpeg,1879 Post office.jpeg,historical-photos,50,False,15f48c0292ac8dd43bc86f6b2067955bb946113bcda53a5803d11841788cc417,69110,JPEG,500,355,assets/thumbs/file_9f174ea9dfd23a06.jpg,assets/previews/file_9f174ea9dfd23a06.jpg
file_c4c0de5966b087f2,X:\My Drive\Projects\Beaumont Library District\historical photos\Mural Images\1883 Stewart Ranch.jpeg,1883 Stewart Ranch.jpeg,historical-photos,50,False,16235638391398e5964b6bcb6a9cb9bf16ac67877589fa2cbb0bf4d3d885dd38,49386,JPEG,500,399,assets/thumbs/file_c4c0de5966b087f2.jpg,assets/previews/file_c4c0de5966b087f2.jpg
file_67e397aa78a8a926,X:\My Drive\Projects\Beaumont Library District\historical photos\Mural Images\1900 traditional house on Morongo Reservation.jpeg,1900 traditional house on Morongo Reservation.jpeg,historical-photos,50,False,98e3cc0c9622e6472b081b2e318b84810a2946c544772cc584c8ac1d9e37181e,70349,JPEG,500,335,assets/thumbs/file_67e397aa78a8a926.jpg,assets/previews/file_67e397aa78a8a926.jpg
file_8533e425fe72f748,X:\My Drive\Projects\Beaumont Library District\historical photos\Mural Images\1908 Morongo Band of Mission Indians.jpg,1908 Morongo Band of Mission Indians.jpg,historical-photos,50,False,ede392879d34cec74b2d0285bec6d6bbd34af0f1ebe3437141f01667097cc92f,26005,JPEG,500,500,assets/thumbs/file_8533e425fe72f748.jpg,assets/previews/file_8533e425fe72f748.jpg
file_adfe606fb43b1eae,X:\My Drive\Projects\Beaumont Library District\historical photos\Mural Images\1911 First Library house in basement of bank building.jpeg,1911 First Library house in basement of bank building.jpeg,historical-photos,50,False,d4ff49099bd27783e1a91e018543fe8bb74cad38fb49bfc56eb040012da0b832,56535,JPEG,500,315,assets/thumbs/file_adfe606fb43b1eae.jpg,assets/previews/file_adfe606fb43b1eae.jpg
file_4d14c32aa2c68b9d,X:\My Drive\Projects\Beaumont Library District\historical photos\Mural Images\1911 Grammar school built.jpeg,1911 Grammar school built.jpeg,historical-photos,50,False,6199789e568ce5088a8a149d15ed4640e75026ddcc0414a971a7cc6b5b138228,71049,JPEG,500,378,assets/thumbs/file_4d14c32aa2c68b9d.jpg,assets/previews/file_4d14c32aa2c68b9d.jpg
file_9f093d233318bb55,X:\My Drive\Projects\Beaumont Library District\historical photos\Mural Images\1911 Woman's Clubhouse.jpeg,1911 Woman's Clubhouse.jpeg,historical-photos,50,False,07e8c8f7702bc62bcb2a05e37cefd9fa617527b4fdc9b27a19043fe924a775ce,62638,JPEG,500,315,assets/thumbs/file_9f093d233318bb55.jpg,assets/previews/file_9f093d233318bb55.jpg
file_c780038dd10e5d93,X:\My Drive\Projects\Beaumont Library District\historical photos\Mural Images\1912 Beaumont incorporates as a City.jpeg,1912 Beaumont incorporates as a City.jpeg,historical-photos,50,False,b12fed455d72f128e6dab65a7afa605ddd44b08df9ae15b1a3fab4fbe9ea4eab,47397,JPEG,500,363,assets/thumbs/file_c780038dd10e5d93.jpg,assets/previews/file_c780038dd10e5d93.jpg
file_229b9a6950a74027,X:\My Drive\Projects\Beaumont Library District\historical photos\Mural Images\1927 man and fruit tree.jpeg,1927 man and fruit tree.jpeg,historical-photos,50,False,6fb775725bae46fac41d20264565b98094a481363f6213ecc00a02e62aef568a,66097,JPEG,366,500,assets/thumbs/file_229b9a6950a74027.jpg,assets/previews/file_229b9a6950a74027.jpg
file_2cbdefa814f1ea39,X:\My Drive\Projects\Beaumont Library District\historical photos\Mural Images\1930 Cherry Tree Farm.jpeg,1930 Cherry Tree Farm.jpeg,historical-photos,50,False,e1020c25c0a19ed8ececda8f79e2054f771335c23c7c76ec1376a77f90e83ab4,75813,JPEG,500,453,assets/thumbs/file_2cbdefa814f1ea39.jpg,assets/previews/file_2cbdefa814f1ea39.jpg
file_1570956ce7c05d88,X:\My Drive\Projects\Beaumont Library District\historical photos\Mural Images\1965 Expansion Mansard Roof.jpg,1965 Expansion Mansard Roof.jpg,historical-photos,50,False,4456d9faff334a4b4e3b6e2253e28f7ebe1758af9fc02874bd2bf838eeb9c2d5,8243,JPEG,250,131,assets/thumbs/file_1570956ce7c05d88.jpg,assets/previews/file_1570956ce7c05d88.jpg
file_3af42eed7971a059,X:\My Drive\Projects\Beaumont Library District\historical photos\Mural Images\1965 Expansion.png,1965 Expansion.png,historical-photos,50,False,9386b8625877e77c19b338a825a57987d4dcae494a81b3404e81e4e660da50ab,598683,PNG,644,425,assets/thumbs/file_3af42eed7971a059.jpg,assets/previews/file_3af42eed7971a059.jpg
file_f03a1dc2ec5739b4,X:\My Drive\Projects\Beaumont Library District\historical photos\Mural Images\1988 Beaumont Developments.jpeg,1988 Beaumont Developments.jpeg,historical-photos,50,False,360104e81fb2484d96cd6cea99aec33627d57b257131dd1db4010c39445a76f7,110128,JPEG,500,397,assets/thumbs/file_f03a1dc2ec5739b4.jpg,assets/previews/file_f03a1dc2ec5739b4.jpg
file_3ec5a257f2d360d1,X:\My Drive\Projects\Beaumont Library District\historical photos\Mural Images\Weaver.jpeg,Weaver.jpeg,historical-photos,50,False,9e5d5f8af62e6c959da7d6f7dc43b2dfb3f1757fdbd1a5e42ddf2c36aed4f195,14335,JPEG,188,268,assets/thumbs/file_3ec5a257f2d360d1.jpg,assets/previews/file_3ec5a257f2d360d1.jpg
file_75e1f81cf415c43f,X:\My Drive\Projects\Beaumont Library District\historical photos\Steven's Scans\Aerial Photos.1.png,Aerial Photos.1.png,historical-photos,50,False,f87774a0c20e0493eec76f95abd9fae021cef605fa4a093412a75b7f90d61180,12544363,PNG,3258,2482,assets/thumbs/file_75e1f81cf415c43f.jpg,assets/previews/file_75e1f81cf415c43f.jpg
file_3f7534cd4597d64d,X:\My Drive\Projects\Beaumont Library District\historical photos\Steven's Scans\Aerial Photos.2.1.png,Aerial Photos.2.1.png,historical-photos,50,False,21d1c4ff6bf46f4cd65ce4129e715e13d97b0e762a19f62f58be1bb349792591,21187357,PNG,2544,3296,assets/thumbs/file_3f7534cd4597d64d.jpg,assets/previews/file_3f7534cd4597d64d.jpg
file_5836a9a31c6306e9,X:\My Drive\Projects\Beaumont Library District\historical photos\Steven's Scans\Aerial Photos.2.2.png,Aerial Photos.2.2.png,historical-photos,50,False,0c7e1dd17fb2aef5da33af16c618fb5dff6318973965eea15bcdefba0b4e53d2,18226277,PNG,3296,2544,assets/thumbs/file_5836a9a31c6306e9.jpg,assets/previews/file_5836a9a31c6306e9.jpg
file_a0809184fd26be56,X:\My Drive\Projects\Beaumont Library District\historical photos\Steven's Scans\Aerial Photos.2.3.png,Aerial Photos.2.3.png,historical-photos,50,False,92b8f462eb938e8d6176f2b2ead01a1d7110e037213a6dd411afc8a0dcf0c959,17137838,PNG,3153,2206,assets/thumbs/file_a0809184fd26be56.jpg,assets/previews/file_a0809184fd26be56.jpg
file_4ade813a735ec875,X:\My Drive\Projects\Beaumont Library District\historical photos\Steven's Scans\Aerial Photos.2.png,Aerial Photos.2.png,historical-photos,50,False,0c7e1dd17fb2aef5da33af16c618fb5dff6318973965eea15bcdefba0b4e53d2,18226277,PNG,3296,2544,assets/thumbs/file_4ade813a735ec875.jpg,assets/previews/file_4ade813a735ec875.jpg
file_1a6c789ec5ee552f,X:\My Drive\Projects\Beaumont Library District\historical photos\Steven's Scans\Beaumont Aerial Photo 1982.png,Beaumont Aerial Photo 1982.png,historical-photos,50,False,73747a45e46adc5a45102680b12ac94cb6b6fb189abd8b8163d36349432c4f5a,14983678,PNG,3258,2482,assets/thumbs/file_1a6c789ec5ee552f.jpg,assets/previews/file_1a6c789ec5ee552f.jpg
file_e01acc57ec93e540,X:\My Drive\Projects\Beaumont Library District\historical photos\Steven's Scans\Beaumont Aerial Photo 2010.png,Beaumont Aerial Photo 2010.png,historical-photos,50,False,115f1a01f1e93fc4e1f3131d9b084672b3958750ac5d741aeef74359ace34a64,11513466,PNG,3093,2151,assets/thumbs/file_e01acc57ec93e540.jpg,assets/previews/file_e01acc57ec93e540.jpg
file_f61f56671fc56588,X:\My Drive\Projects\Beaumont Library District\historical photos\Steven's Scans\tinified\Beaumont Aerial Photo 1982.png,Beaumont Aerial Photo 1982.png,stevens-scans-tinified,60,False,11a29311e2deb53bb240d7a12bd8d1f6b9c100571ad486d42d77bd5aa359e815,3769889,PNG,3258,2482,assets/thumbs/file_f61f56671fc56588.jpg,assets/previews/file_f61f56671fc56588.jpg
file_a3a1d6a0780c8b16,X:\My Drive\Projects\Beaumont Library District\historical photos\Steven's Scans\tinified\Beaumont Aerial Photo 2010.png,Beaumont Aerial Photo 2010.png,stevens-scans-tinified,60,False,256a82faf1bc0762c4491752a6ded744db0e00cd305c4910b8e59c54b6263095,3311023,PNG,3093,2151,assets/thumbs/file_a3a1d6a0780c8b16.jpg,assets/previews/file_a3a1d6a0780c8b16.jpg
file_102c647a7603cb35,X:\My Drive\Projects\Beaumont Library District\projects\timeline-mural\Design Files\Mural Images\1800 Ceremonial Big House morongo.jpeg,1800 Ceremonial Big House morongo.jpeg,mural-images,100,True,78a532ce0f78e39ea6b3bdd608aab62fb2ac03e028ce20c7b9917494c18e888c,10011,JPEG,253,199,assets/thumbs/file_102c647a7603cb35.jpg,assets/previews/file_102c647a7603cb35.jpg
file_4a86cb8481b40b1c,X:\My Drive\Projects\Beaumont Library District\projects\timeline-mural\Design Files\Mural Images\1860s stagecoach downtown Beaumont.jpeg,1860s stagecoach downtown Beaumont.jpeg,mural-images,100,True,dcbbaa9a116fac6f2b556cb087207904cf771ab053d37acee5f341fe554f5296,67494,JPEG,500,335,assets/thumbs/file_4a86cb8481b40b1c.jpg,assets/previews/file_4a86cb8481b40b1c.jpg
file_42a2955f7119c5c7,X:\My Drive\Projects\Beaumont Library District\projects\timeline-mural\Design Files\Mural Images\1875 Railroad Depot.jpeg,1875 Railroad Depot.jpeg,mural-images,100,True,f9862f2049a832c940e0c103f9ae2aba5a783ecc09637e3231c25fe755e4f468,72511,JPEG,500,406,assets/thumbs/file_42a2955f7119c5c7.jpg,assets/previews/file_42a2955f7119c5c7.jpg
file_1afe8689e66cecfb,X:\My Drive\Projects\Beaumont Library District\projects\timeline-mural\Design Files\Mural Images\1879 Post office.jpeg,1879 Post office.jpeg,mural-images,100,True,15f48c0292ac8dd43bc86f6b2067955bb946113bcda53a5803d11841788cc417,69110,JPEG,500,355,assets/thumbs/file_1afe8689e66cecfb.jpg,assets/previews/file_1afe8689e66cecfb.jpg
file_a7f6a7d24337d6c4,X:\My Drive\Projects\Beaumont Library District\projects\timeline-mural\Design Files\Mural Images\1883 Stewart Ranch.jpeg,1883 Stewart Ranch.jpeg,mural-images,100,True,16235638391398e5964b6bcb6a9cb9bf16ac67877589fa2cbb0bf4d3d885dd38,49386,JPEG,500,399,assets/thumbs/file_a7f6a7d24337d6c4.jpg,assets/previews/file_a7f6a7d24337d6c4.jpg
file_d4cbc371f3177146,X:\My Drive\Projects\Beaumont Library District\projects\timeline-mural\Design Files\Mural Images\1900 traditional house on Morongo Reservation.jpeg,1900 traditional house on Morongo Reservation.jpeg,mural-images,100,True,98e3cc0c9622e6472b081b2e318b84810a2946c544772cc584c8ac1d9e37181e,70349,JPEG,500,335,assets/thumbs/file_d4cbc371f3177146.jpg,assets/previews/file_d4cbc371f3177146.jpg
file_30cab5e4d7341ae5,X:\My Drive\Projects\Beaumont Library District\projects\timeline-mural\Design Files\Mural Images\1908 Morongo Band of Mission Indians.jpg,1908 Morongo Band of Mission Indians.jpg,mural-images,100,True,ede392879d34cec74b2d0285bec6d6bbd34af0f1ebe3437141f01667097cc92f,26005,JPEG,500,500,assets/thumbs/file_30cab5e4d7341ae5.jpg,assets/previews/file_30cab5e4d7341ae5.jpg
file_a535ec86c657664c,X:\My Drive\Projects\Beaumont Library District\projects\timeline-mural\Design Files\Mural Images\1911 First Library house in basement of bank building.jpeg,1911 First Library house in basement of bank building.jpeg,mural-images,100,True,d4ff49099bd27783e1a91e018543fe8bb74cad38fb49bfc56eb040012da0b832,56535,JPEG,500,315,assets/thumbs/file_a535ec86c657664c.jpg,assets/previews/file_a535ec86c657664c.jpg
file_516045c0027e010a,X:\My Drive\Projects\Beaumont Library District\projects\timeline-mural\Design Files\Mural Images\1911 Grammar school built.jpeg,1911 Grammar school built.jpeg,mural-images,100,True,6199789e568ce5088a8a149d15ed4640e75026ddcc0414a971a7cc6b5b138228,71049,JPEG,500,378,assets/thumbs/file_516045c0027e010a.jpg,assets/previews/file_516045c0027e010a.jpg
file_3cb641cd1cfdf7d1,X:\My Drive\Projects\Beaumont Library District\projects\timeline-mural\Design Files\Mural Images\1911 Woman's Clubhouse.jpeg,1911 Woman's Clubhouse.jpeg,mural-images,100,True,07e8c8f7702bc62bcb2a05e37cefd9fa617527b4fdc9b27a19043fe924a775ce,62638,JPEG,500,315,assets/thumbs/file_3cb641cd1cfdf7d1.jpg,assets/previews/file_3cb641cd1cfdf7d1.jpg
file_badb300aa1fa86ce,X:\My Drive\Projects\Beaumont Library District\projects\timeline-mural\Design Files\Mural Images\1912 Beaumont incorporates as a City.jpeg,1912 Beaumont incorporates as a City.jpeg,mural-images,100,True,b12fed455d72f128e6dab65a7afa605ddd44b08df9ae15b1a3fab4fbe9ea4eab,47397,JPEG,500,363,assets/thumbs/file_badb300aa1fa86ce.jpg,assets/previews/file_badb300aa1fa86ce.jpg
file_348736affdb526d1,X:\My Drive\Projects\Beaumont Library District\projects\timeline-mural\Design Files\Mural Images\1927 man and fruit tree.jpeg,1927 man and fruit tree.jpeg,mural-images,100,True,6fb775725bae46fac41d20264565b98094a481363f6213ecc00a02e62aef568a,66097,JPEG,366,500,assets/thumbs/file_348736affdb526d1.jpg,assets/previews/file_348736affdb526d1.jpg
file_c457e234b1aac96e,X:\My Drive\Projects\Beaumont Library District\projects\timeline-mural\Design Files\Mural Images\1930 Cherry Tree Farm.jpeg,1930 Cherry Tree Farm.jpeg,mural-images,100,True,e1020c25c0a19ed8ececda8f79e2054f771335c23c7c76ec1376a77f90e83ab4,75813,JPEG,500,453,assets/thumbs/file_c457e234b1aac96e.jpg,assets/previews/file_c457e234b1aac96e.jpg
file_45f0ac199123f4c3,X:\My Drive\Projects\Beaumont Library District\projects\timeline-mural\Design Files\Mural Images\1965 Expansion Mansard Roof.jpg,1965 Expansion Mansard Roof.jpg,mural-images,100,True,4456d9faff334a4b4e3b6e2253e28f7ebe1758af9fc02874bd2bf838eeb9c2d5,8243,JPEG,250,131,assets/thumbs/file_45f0ac199123f4c3.jpg,assets/previews/file_45f0ac199123f4c3.jpg
file_6a4e9da4f77c6338,X:\My Drive\Projects\Beaumont Library District\projects\timeline-mural\Design Files\Mural Images\1965 Expansion.png,1965 Expansion.png,mural-images,100,True,9386b8625877e77c19b338a825a57987d4dcae494a81b3404e81e4e660da50ab,598683,PNG,644,425,assets/thumbs/file_6a4e9da4f77c6338.jpg,assets/previews/file_6a4e9da4f77c6338.jpg
file_9c12327decce65ee,X:\My Drive\Projects\Beaumont Library District\projects\timeline-mural\Design Files\Mural Images\1988 Beaumont Developments.jpeg,1988 Beaumont Developments.jpeg,mural-images,100,True,360104e81fb2484d96cd6cea99aec33627d57b257131dd1db4010c39445a76f7,110128,JPEG,500,397,assets/thumbs/file_9c12327decce65ee.jpg,assets/previews/file_9c12327decce65ee.jpg
file_e5d7e62a8efa93d5,X:\My Drive\Projects\Beaumont Library District\projects\timeline-mural\Design Files\Mural Images\Weaver.jpeg,Weaver.jpeg,mural-images,100,True,9e5d5f8af62e6c959da7d6f7dc43b2dfb3f1757fdbd1a5e42ddf2c36aed4f195,14335,JPEG,188,268,assets/thumbs/file_e5d7e62a8efa93d5.jpg,assets/previews/file_e5d7e62a8efa93d5.jpg
